ea_id,strategy,family,symbol,timeframe,force_symbol,run_strategy,balance,risk_pct_target,hist_max_dd,lot_step,net_profit,realized_dd,realized_dd_pct,equity_dd_pct,trades,first_trade,last_trade,win_rate_pct,hist_max_loss_streak,hist_max_loss_streak_days,hist_max_streak_cost,hist_avg_loss_streak,hist_max_win_streak,largest_single_loss,dd_vs_target,report_path
eurusd_H1_SL17_EURUSD.a_H1_OHLC,eurusd_H1_SL17,Advanced Scalper,EURUSD.a,H1,EURUSD.a,1,100000,5.0,36.0,720.0,23641.88,1972.35,1.64,1.69,1146,2020-01-08 11:38:40,2026-07-30 13:16:59,89.5,3,3,718.29,1.11,66,250.81,0.33,C:\BulkBackTest\EA_Portfolio_engine\reports_in\Advanced Scalper\reports\eurusd_H1_SL17_EURUSD.a_H1_OHLC.htm
eurusd_H1_SL18_EURUSD.a_H1_OHLC,eurusd_H1_SL18,Advanced Scalper,EURUSD.a,H1,EURUSD.a,1,100000,5.0,47.0,940.0,20925.52,1666.31,1.38,1.51,1172,2020-01-08 13:21:59,2026-07-30 13:16:59,90.6,3,3,577.17,1.16,83,203.25,0.28,C:\BulkBackTest\EA_Portfolio_engine\reports_in\Advanced Scalper\reports\eurusd_H1_SL18_EURUSD.a_H1_OHLC.htm
eurusd_H1_SL22_EURUSD.a_H1_OHLC,eurusd_H1_SL22,Advanced Scalper,EURUSD.a,H1,EURUSD.a,1,100000,5.0,18.0,360.0,59895.7,2817.42,1.98,2.09,1141,2020-01-08 13:21:59,2026-07-30 13:16:59,92.8,3,3,1843.45,1.09,53,687.6,0.4,C:\BulkBackTest\EA_Portfolio_engine\reports_in\Advanced Scalper\reports\eurusd_H1_SL22_EURUSD.a_H1_OHLC.htm
gbpusd_H1_GBPUSD.a_H1_OHLC,gbpusd_H1,Advanced Scalper,GBPUSD.a,H1,GBPUSD.a,1,100000,5.0,13.0,260.0,103280.76,2263.68,1.19,1.25,990,2020-01-08 12:01:40,2026-07-30 13:16:59,94.4,2,2,1701.12,1.06,79,866.83,0.24,C:\BulkBackTest\EA_Portfolio_engine\reports_in\Advanced Scalper\reports\gbpusd_H1_GBPUSD.a_H1_OHLC.htm
usdjpy_H1_SL22_USDJPY.a_H1_OHLC,usdjpy_H1_SL22,Advanced Scalper,USDJPY.a,H1,USDJPY.a,1,100000,5.0,16.0,320.0,119306.19,1638.09,1.46,4.13,1618,2020-01-02 17:26:20,2026-07-30 16:36:59,90.6,3,2,1422.59,1.09,52,664.7,0.29,C:\BulkBackTest\EA_Portfolio_engine\reports_in\Advanced Scalper\reports\usdjpy_H1_SL22_USDJPY.a_H1_OHLC.htm
usdjpy_H1_SL30_USDJPY.a_H1_OHLC,usdjpy_H1_SL30,Advanced Scalper,USDJPY.a,H1,USDJPY.a,1,100000,5.0,28.0,560.0,56260.26,1291.26,1.16,3.15,1568,2020-01-02 17:36:40,2026-07-30 16:36:59,82.2,4,3,999.26,1.2,47,512.87,0.23,C:\BulkBackTest\EA_Portfolio_engine\reports_in\Advanced Scalper\reports\usdjpy_H1_SL30_USDJPY.a_H1_OHLC.htm
usdjpy_H4_SL14_USDJPY.a_H4_OHLC,usdjpy_H4_SL14,Advanced Scalper,USDJPY.a,H4,USDJPY.a,1,100000,5.0,34.0,680.0,40660.85,3021.53,2.74,2.61,1610,2020-01-02 17:28:20,2026-07-30 13:10:59,62.2,6,5,1118.52,1.6,14,214.35,0.55,C:\BulkBackTest\EA_Portfolio_engine\reports_in\Advanced Scalper\reports\usdjpy_H4_SL14_USDJPY.a_H4_OHLC.htm
usdjpy_H4_SL17_USDJPY.a_H4_OHLC,usdjpy_H4_SL17,Advanced Scalper,USDJPY.a,H4,USDJPY.a,1,100000,5.0,69.0,1380.0,22516.15,864.04,0.83,1.42,1619,2020-01-02 17:52:40,2026-07-30 13:16:59,57.7,6,7,336.74,1.72,14,142.36,0.17,C:\BulkBackTest\EA_Portfolio_engine\reports_in\Advanced Scalper\reports\usdjpy_H4_SL17_USDJPY.a_H4_OHLC.htm
BTC_Reaper_Aggr_1_BTCUSD.a_H1_OHLC,BTC_Reaper_Aggr_1,Bitcoin Reaper/Aggressive SL,BTCUSD.a,H1,BTCUSD.a,1,100000,5.0,54.0,1080.0,129948.34,2006.0,0.96,1.35,719,2020-01-02 18:47:59,2026-07-30 14:52:40,80.3,4,5,1775.55,1.3,27,925.29,0.19,C:\BulkBackTest\EA_Portfolio_engine\reports_in\Bitcoin Reaper\Aggressive SL\reports\BTC_Reaper_Aggr_1_BTCUSD.a_H1_OHLC.htm
BTC_Reaper_Aggr_2_BTCUSD.a_H1_OHLC,BTC_Reaper_Aggr_2,Bitcoin Reaper/Aggressive SL,BTCUSD.a,H1,BTCUSD.a,1,100000,5.0,40.0,800.0,87581.19,1159.98,0.64,3.95,513,2020-01-02 18:47:59,2026-07-28 02:00:59,63.0,5,7,748.56,1.61,23,187.5,0.13,C:\BulkBackTest\EA_Portfolio_engine\reports_in\Bitcoin Reaper\Aggressive SL\reports\BTC_Reaper_Aggr_2_BTCUSD.a_H1_OHLC.htm
BTC_Reaper_Aggr_3_BTCUSD.a_H1_OHLC,BTC_Reaper_Aggr_3,Bitcoin Reaper/Aggressive SL,BTCUSD.a,H1,BTCUSD.a,1,100000,5.0,50.0,1000.0,143428.02,858.24,0.38,14.12,1323,2020-01-02 18:49:40,2026-07-30 14:52:40,61.0,7,6,550.16,1.67,13,100.0,0.08,C:\BulkBackTest\EA_Portfolio_engine\reports_in\Bitcoin Reaper\Aggressive SL\reports\BTC_Reaper_Aggr_3_BTCUSD.a_H1_OHLC.htm
BTC_Reaper_Aggr_4_BTCUSD.a_H1_OHLC,BTC_Reaper_Aggr_4,Bitcoin Reaper/Aggressive SL,BTCUSD.a,H1,BTCUSD.a,1,100000,5.0,285.0,5700.0,146273.44,2993.79,1.65,1.8,10787,2020-01-02 05:51:40,2026-07-30 16:49:59,87.2,7,9,1204.6,1.35,60,197.47,0.33,C:\BulkBackTest\EA_Portfolio_engine\reports_in\Bitcoin Reaper\Aggressive SL\reports\BTC_Reaper_Aggr_4_BTCUSD.a_H1_OHLC.htm
BTC_Reaper_Aggr_5_BTCUSD.a_H1_OHLC,BTC_Reaper_Aggr_5,Bitcoin Reaper/Aggressive SL,BTCUSD.a,H1,BTCUSD.a,1,100000,5.0,130.0,2600.0,70051.42,5938.25,4.92,5.13,1334,2020-01-02 19:01:40,2026-07-30 17:18:40,48.5,9,9,2422.56,2.54,11,425.24,0.98,C:\BulkBackTest\EA_Portfolio_engine\reports_in\Bitcoin Reaper\Aggressive SL\reports\BTC_Reaper_Aggr_5_BTCUSD.a_H1_OHLC.htm
BTC_Reaper_Aggr_6_BTCUSD.a_H1_OHLC,BTC_Reaper_Aggr_6,Bitcoin Reaper/Aggressive SL,BTCUSD.a,H1,BTCUSD.a,1,100000,5.0,100.0,2000.0,245109.11,3045.45,0.88,0.99,6177,2020-01-02 18:47:59,2026-07-30 16:34:40,19.4,10,7,1858.19,1.75,41,270.0,0.18,C:\BulkBackTest\EA_Portfolio_engine\reports_in\Bitcoin Reaper\Aggressive SL\reports\BTC_Reaper_Aggr_6_BTCUSD.a_H1_OHLC.htm
BTC_Reaper_Aggr_7_BTCUSD.a_H1_OHLC,BTC_Reaper_Aggr_7,Bitcoin Reaper/Aggressive SL,BTCUSD.a,H1,BTCUSD.a,1,100000,5.0,148.0,2960.0,157522.44,1297.54,0.51,0.59,5526,2020-01-02 06:03:40,2026-07-30 16:34:40,21.5,8,5,1297.54,1.5,27,258.56,0.1,C:\BulkBackTest\EA_Portfolio_engine\reports_in\Bitcoin Reaper\Aggressive SL\reports\BTC_Reaper_Aggr_7_BTCUSD.a_H1_OHLC.htm
BTC_Reaper_Aggr_8_BTCUSD.a_H1_OHLC,BTC_Reaper_Aggr_8,Bitcoin Reaper/Aggressive SL,BTCUSD.a,H1,BTCUSD.a,1,100000,5.0,151.0,3020.0,106179.17,3339.23,1.71,5.46,3037,2020-01-02 18:51:40,2026-07-30 17:10:40,44.9,16,10,2471.41,2.48,11,324.47,0.34,C:\BulkBackTest\EA_Portfolio_engine\reports_in\Bitcoin Reaper\Aggressive SL\reports\BTC_Reaper_Aggr_8_BTCUSD.a_H1_OHLC.htm
BTC_Reaper_Aggr_9_BTCUSD.a_H1_OHLC,BTC_Reaper_Aggr_9,Bitcoin Reaper/Aggressive SL,BTCUSD.a,H1,BTCUSD.a,1,100000,5.0,50.0,1000.0,40968.77,7347.35,5.86,7.09,628,2020-01-02 18:48:40,2026-07-28 04:05:40,65.8,6,11,3305.48,1.62,17,816.59,1.17,C:\BulkBackTest\EA_Portfolio_engine\reports_in\Bitcoin Reaper\Aggressive SL\reports\BTC_Reaper_Aggr_9_BTCUSD.a_H1_OHLC.htm
BitcoinReaper10_BTCUSD.a_H1_OHLC,BitcoinReaper10,Bitcoin Reaper,BTCUSD.a,H1,BTCUSD.a,1,100000,5.0,50.0,1000.0,70301.12,2213.46,2.2,4.19,2171,2020-01-02 06:10:40,2026-07-30 16:49:40,47.3,10,9,1072.14,2.15,8,217.9,0.44,C:\BulkBackTest\EA_Portfolio_engine\reports_in\Bitcoin Reaper\reports\BitcoinReaper10_BTCUSD.a_H1_OHLC.htm
BitcoinReaper1_BTCUSD.a_H1_OHLC,BitcoinReaper1,Bitcoin Reaper,BTCUSD.a,H1,BTCUSD.a,1,100000,5.0,54.0,1080.0,139569.17,5857.52,4.28,4.7,717,2020-01-02 18:47:59,2026-07-30 14:52:40,75.3,4,3,2663.98,1.42,24,940.45,0.86,C:\BulkBackTest\EA_Portfolio_engine\reports_in\Bitcoin Reaper\reports\BitcoinReaper1_BTCUSD.a_H1_OHLC.htm
BitcoinReaper2_BTCUSD.a_H1_OHLC,BitcoinReaper2,Bitcoin Reaper,BTCUSD.a,H1,BTCUSD.a,1,100000,5.0,40.0,800.0,100577.98,826.9,0.43,3.83,515,2020-01-02 18:47:59,2026-07-28 02:00:59,61.2,7,7,756.44,1.67,23,187.5,0.09,C:\BulkBackTest\EA_Portfolio_engine\reports_in\Bitcoin Reaper\reports\BitcoinReaper2_BTCUSD.a_H1_OHLC.htm
BitcoinReaper3_BTCUSD.a_H1_OHLC,BitcoinReaper3,Bitcoin Reaper,BTCUSD.a,H1,BTCUSD.a,1,100000,5.0,50.0,1000.0,143627.9,1184.41,0.55,14.14,1323,2020-01-02 19:00:40,2026-07-30 14:52:40,56.5,9,7,803.43,1.9,14,100.0,0.11,C:\BulkBackTest\EA_Portfolio_engine\reports_in\Bitcoin Reaper\reports\BitcoinReaper3_BTCUSD.a_H1_OHLC.htm
BitcoinReaper4_BTCUSD.a_H1_OHLC,BitcoinReaper4,Bitcoin Reaper,BTCUSD.a,H1,BTCUSD.a,1,100000,5.0,285.0,5700.0,131263.11,4045.4,2.32,2.47,10771,2020-01-02 06:03:40,2026-07-30 16:03:40,80.8,10,13,1341.31,1.6,51,197.81,0.46,C:\BulkBackTest\EA_Portfolio_engine\reports_in\Bitcoin Reaper\reports\BitcoinReaper4_BTCUSD.a_H1_OHLC.htm
BitcoinReaper5_BTCUSD.a_H1_OHLC,BitcoinReaper5,Bitcoin Reaper,BTCUSD.a,H1,BTCUSD.a,1,100000,5.0,130.0,2600.0,69326.64,5548.62,4.09,4.57,1334,2020-01-02 18:51:40,2026-07-30 17:18:40,53.0,10,7,2872.31,2.34,14,425.24,0.82,C:\BulkBackTest\EA_Portfolio_engine\reports_in\Bitcoin Reaper\reports\BitcoinReaper5_BTCUSD.a_H1_OHLC.htm
BitcoinReaper6_BTCUSD.a_H1_OHLC,BitcoinReaper6,Bitcoin Reaper,BTCUSD.a,H1,BTCUSD.a,1,100000,5.0,100.0,2000.0,277222.44,4776.41,1.31,1.47,6158,2020-01-02 18:47:59,2026-07-30 16:33:20,79.7,6,5,1618.56,1.45,49,298.86,0.26,C:\BulkBackTest\EA_Portfolio_engine\reports_in\Bitcoin Reaper\reports\BitcoinReaper6_BTCUSD.a_H1_OHLC.htm
BitcoinReaper7_BTCUSD.a_H1_OHLC,BitcoinReaper7,Bitcoin Reaper,BTCUSD.a,H1,BTCUSD.a,1,100000,5.0,148.0,2960.0,179617.77,3888.25,1.49,1.72,5519,2020-01-02 06:03:40,2026-07-30 16:30:40,71.2,8,5,1753.32,1.58,22,263.19,0.3,C:\BulkBackTest\EA_Portfolio_engine\reports_in\Bitcoin Reaper\reports\BitcoinReaper7_BTCUSD.a_H1_OHLC.htm
BitcoinReaper8_BTCUSD.a_H1_OHLC,BitcoinReaper8,Bitcoin Reaper,BTCUSD.a,H1,BTCUSD.a,1,100000,5.0,151.0,3020.0,96772.39,4608.74,2.84,5.52,3038,2020-01-02 18:47:59,2026-07-30 17:08:40,45.9,17,8,2087.28,2.48,11,322.83,0.57,C:\BulkBackTest\EA_Portfolio_engine\reports_in\Bitcoin Reaper\reports\BitcoinReaper8_BTCUSD.a_H1_OHLC.htm
BitcoinReaper9_BTCUSD.a_H1_OHLC,BitcoinReaper9,Bitcoin Reaper,BTCUSD.a,H1,BTCUSD.a,1,100000,5.0,50.0,1000.0,51325.33,7382.51,5.77,7.01,627,2020-01-02 18:48:40,2026-07-28 04:05:40,72.9,4,8,3036.87,1.44,18,816.65,1.15,C:\BulkBackTest\EA_Portfolio_engine\reports_in\Bitcoin Reaper\reports\BitcoinReaper9_BTCUSD.a_H1_OHLC.htm
DaytradePro_AUDJPY_AUDJPY.a_Daily_OHLC,DaytradePro_AUDJPY,Daytrade Pro,AUDJPY.a,Daily,AUDJPY.a,1,100000,5.0,139.0,2780.0,17004.25,3273.29,2.97,4.87,110,2020-02-03 02:45:40,2026-07-30 23:58:59,85.5,5,2,3265.91,2.67,48,859.79,0.59,C:\BulkBackTest\EA_Portfolio_engine\reports_in\Daytrade Pro\reports\DaytradePro_AUDJPY_AUDJPY.a_Daily_OHLC.htm
DaytradePro_AUDUSD_AUDUSD.a_Daily_OHLC,DaytradePro_AUDUSD,Daytrade Pro,AUDUSD.a,Daily,AUDUSD.a,1,100000,5.0,70.0,1400.0,8487.43,2190.57,2.0,2.31,191,2020-01-22 02:42:40,2026-07-30 19:43:40,94.8,1,2,1467.14,1.0,96,1467.14,0.4,C:\BulkBackTest\EA_Portfolio_engine\reports_in\Daytrade Pro\reports\DaytradePro_AUDUSD_AUDUSD.a_Daily_OHLC.htm
DaytradePro_CHFJPY_CHFJPY.a_Daily_OHLC,DaytradePro_CHFJPY,Daytrade Pro,CHFJPY.a,Daily,CHFJPY.a,1,100000,5.0,208.0,4160.0,12440.49,3134.62,3.07,5.08,217,2020-02-20 11:23:40,2026-07-30 16:44:40,88.0,3,3,1997.1,1.62,58,670.54,0.61,C:\BulkBackTest\EA_Portfolio_engine\reports_in\Daytrade Pro\reports\DaytradePro_CHFJPY_CHFJPY.a_Daily_OHLC.htm
DaytradePro_EURAUD_EURAUD.a_Daily_OHLC,DaytradePro_EURAUD,Daytrade Pro,EURAUD.a,Daily,EURAUD.a,1,100000,5.0,100.0,2000.0,8501.67,1276.73,1.16,1.92,56,2020-01-31 03:03:40,2026-07-22 15:51:40,60.7,3,3,1271.48,1.57,6,1185.2,0.23,C:\BulkBackTest\EA_Portfolio_engine\reports_in\Daytrade Pro\reports\DaytradePro_EURAUD_EURAUD.a_Daily_OHLC.htm
DaytradePro_EURJPY_EURJPY.a_Daily_OHLC,DaytradePro_EURJPY,Daytrade Pro,EURJPY.a,Daily,EURJPY.a,1,100000,5.0,130.0,2600.0,451.55,4348.71,4.15,4.29,87,2020-01-23 08:39:40,2026-07-30 23:58:59,40.2,8,6,2192.25,2.89,5,485.96,0.83,C:\BulkBackTest\EA_Portfolio_engine\reports_in\Daytrade Pro\reports\DaytradePro_EURJPY_EURJPY.a_Daily_OHLC.htm
DaytradePro_EURNZD_EURNZD.a_Daily_OHLC,DaytradePro_EURNZD,Daytrade Pro,EURNZD.a,Daily,EURNZD.a,1,100000,5.0,137.0,2740.0,4793.41,6484.24,5.97,6.37,294,2020-01-30 10:05:40,2026-07-30 23:58:59,93.5,5,1,5214.98,1.9,81,1058.69,1.19,C:\BulkBackTest\EA_Portfolio_engine\reports_in\Daytrade Pro\reports\DaytradePro_EURNZD_EURNZD.a_Daily_OHLC.htm
DaytradePro_EURUSD_EURUSD.a_Daily_OHLC,DaytradePro_EURUSD,Daytrade Pro,EURUSD.a,Daily,EURUSD.a,1,100000,5.0,150.0,3000.0,33795.82,1069.2,0.96,4.8,375,2020-01-30 15:07:40,2026-07-30 18:00:40,72.5,13,3,1056.44,3.43,72,1056.44,0.19,C:\BulkBackTest\EA_Portfolio_engine\reports_in\Daytrade Pro\reports\DaytradePro_EURUSD_EURUSD.a_Daily_OHLC.htm
DaytradePro_GBPJPY_GBPJPY.a_Daily_OHLC,DaytradePro_GBPJPY,Daytrade Pro,GBPJPY.a,Daily,GBPJPY.a,1,100000,5.0,105.0,2100.0,8284.16,7077.56,6.17,6.98,79,2020-01-20 10:38:40,2026-07-30 17:32:40,53.2,7,10,3987.24,1.85,8,901.18,1.23,C:\BulkBackTest\EA_Portfolio_engine\reports_in\Daytrade Pro\reports\DaytradePro_GBPJPY_GBPJPY.a_Daily_OHLC.htm
DaytradePro_GBPUSD_GBPUSD.a_Daily_OHLC,DaytradePro_GBPUSD,Daytrade Pro,GBPUSD.a,Daily,GBPUSD.a,1,100000,5.0,200.0,4000.0,10738.24,5144.96,4.52,7.29,199,2020-03-05 08:48:40,2026-07-08 20:20:40,28.1,26,10,4843.16,11.0,11,603.68,0.9,C:\BulkBackTest\EA_Portfolio_engine\reports_in\Daytrade Pro\reports\DaytradePro_GBPUSD_GBPUSD.a_Daily_OHLC.htm
DaytradePro_NZDUSD_NZDUSD.a_Daily_OHLC,DaytradePro_NZDUSD,Daytrade Pro,NZDUSD.a,Daily,NZDUSD.a,1,100000,5.0,50.0,1000.0,4929.43,2714.58,2.56,4.49,84,2020-04-30 17:56:20,2026-06-05 18:59:40,97.6,1,1,2707.58,1.0,62,2707.58,0.51,C:\BulkBackTest\EA_Portfolio_engine\reports_in\Daytrade Pro\reports\DaytradePro_NZDUSD_NZDUSD.a_Daily_OHLC.htm
DaytradePro_USDCAD_USDCAD.a_Daily_OHLC,DaytradePro_USDCAD,Daytrade Pro,USDCAD.a,Daily,USDCAD.a,1,100000,5.0,58.0,1160.0,3846.73,6850.07,6.37,7.29,136,2020-02-27 15:56:40,2026-07-30 23:58:59,83.8,4,3,3181.85,1.57,31,937.19,1.27,C:\BulkBackTest\EA_Portfolio_engine\reports_in\Daytrade Pro\reports\DaytradePro_USDCAD_USDCAD.a_Daily_OHLC.htm
DaytradePro_USDJPY_USDJPY.a_Daily_OHLC,DaytradePro_USDJPY,Daytrade Pro,USDJPY.a,Daily,USDJPY.a,1,100000,5.0,223.0,4460.0,12025.87,3158.7,2.79,3.12,264,2020-01-06 17:43:40,2026-07-30 16:39:40,74.6,8,5,1707.07,2.23,24,547.95,0.56,C:\BulkBackTest\EA_Portfolio_engine\reports_in\Daytrade Pro\reports\DaytradePro_USDJPY_USDJPY.a_Daily_OHLC.htm
DaytradePro_XAUUSD_XAUUSD.a_Daily_OHLC,DaytradePro_XAUUSD,Daytrade Pro,XAUUSD.a,Daily,XAUUSD.a,1,100000,5.0,220.0,4400.0,20255.98,1460.12,1.43,1.84,315,2020-01-03 07:33:40,2026-07-13 17:19:40,60.3,6,5,932.74,2.02,13,316.63,0.29,C:\BulkBackTest\EA_Portfolio_engine\reports_in\Daytrade Pro\reports\DaytradePro_XAUUSD_XAUUSD.a_Daily_OHLC.htm
Gold_a_XAUUSD.a_Daily_OHLC,Gold_a,GOLD/Gold Phantom(daily),XAUUSD.a,Daily,XAUUSD.a,1,100000,5.0,30.0,600.0,77274.22,3696.89,2.88,3.89,225,2020-01-14 11:37:40,2026-07-13 23:06:40,42.7,6,6,2914.75,2.15,7,1429.16,0.58,C:\BulkBackTest\EA_Portfolio_engine\reports_in\GOLD\Gold Phantom(daily)\reports\Gold_a_XAUUSD.a_Daily_OHLC.htm
Gold_b_XAUUSD.a_Daily_OHLC,Gold_b,GOLD/Gold Phantom(daily),XAUUSD.a,Daily,XAUUSD.a,1,100000,5.0,30.0,600.0,61105.26,2168.13,1.68,3.0,117,2020-01-06 01:14:40,2026-06-30 04:20:40,58.1,3,3,2158.53,1.53,6,1084.24,0.34,C:\BulkBackTest\EA_Portfolio_engine\reports_in\GOLD\Gold Phantom(daily)\reports\Gold_b_XAUUSD.a_Daily_OHLC.htm
Gold_c_XAUUSD.a_Daily_OHLC,Gold_c,GOLD/Gold Phantom(daily),XAUUSD.a,Daily,XAUUSD.a,1,100000,5.0,50.0,1000.0,63660.2,3879.15,3.22,3.85,274,2020-01-06 01:02:00,2026-07-14 05:11:20,57.7,4,4,2170.97,1.57,15,1212.19,0.64,C:\BulkBackTest\EA_Portfolio_engine\reports_in\GOLD\Gold Phantom(daily)\reports\Gold_c_XAUUSD.a_Daily_OHLC.htm
strategy1_Daily_XAUUSD.a_Daily_OHLC,strategy1_Daily,GOLD/Gold Reaper,XAUUSD.a,Daily,XAUUSD.a,1,100000,5.0,60.0,1200.0,70076.17,5047.78,3.8,7.51,190,2020-01-06 01:02:20,2026-06-30 08:16:40,60.0,7,3,5026.92,2.05,7,2909.32,0.76,C:\BulkBackTest\EA_Portfolio_engine\reports_in\GOLD\Gold Reaper\reports\strategy1_Daily_XAUUSD.a_Daily_OHLC.htm
strategy2_Daily_XAUUSD.a_Daily_OHLC,strategy2_Daily,GOLD/Gold Reaper,XAUUSD.a,Daily,XAUUSD.a,1,100000,5.0,30.0,600.0,107656.46,4354.73,2.28,3.96,125,2020-01-06 01:02:40,2026-06-30 04:08:40,71.2,3,3,3438.9,1.38,18,1781.73,0.46,C:\BulkBackTest\EA_Portfolio_engine\reports_in\GOLD\Gold Reaper\reports\strategy2_Daily_XAUUSD.a_Daily_OHLC.htm
strategy3_Daily_XAUUSD.a_Daily_OHLC,strategy3_Daily,GOLD/Gold Reaper,XAUUSD.a,Daily,XAUUSD.a,1,100000,5.0,35.0,700.0,51443.14,3645.94,2.59,3.98,182,2020-01-24 17:56:20,2026-06-30 04:08:40,53.8,8,4,2976.71,1.95,6,862.88,0.52,C:\BulkBackTest\EA_Portfolio_engine\reports_in\GOLD\Gold Reaper\reports\strategy3_Daily_XAUUSD.a_Daily_OHLC.htm
strategy4_H4_XAUUSD.a_H4_OHLC,strategy4_H4,GOLD/Gold Reaper,XAUUSD.a,H4,XAUUSD.a,1,100000,5.0,52.0,1040.0,89333.19,4848.25,3.08,3.98,377,2020-01-08 03:04:40,2026-07-28 18:47:20,63.9,6,6,3259.82,1.55,8,897.5,0.62,C:\BulkBackTest\EA_Portfolio_engine\reports_in\GOLD\Gold Reaper\reports\strategy4_H4_XAUUSD.a_H4_OHLC.htm
strategy5_H1_XAUUSD.a_H1_OHLC,strategy5_H1,GOLD/Gold Reaper,XAUUSD.a,H1,XAUUSD.a,1,100000,5.0,110.0,2200.0,62111.13,3356.25,2.18,2.46,876,2020-01-02 16:35:40,2026-07-29 22:15:00,74.7,7,4,2827.19,1.47,31,1529.85,0.44,C:\BulkBackTest\EA_Portfolio_engine\reports_in\GOLD\Gold Reaper\reports\strategy5_H1_XAUUSD.a_H1_OHLC.htm
strategy6_H1_XAUUSD.a_H1_OHLC,strategy6_H1,GOLD/Gold Reaper,XAUUSD.a,H1,XAUUSD.a,1,100000,5.0,140.0,2800.0,53684.84,4314.57,3.06,3.92,1072,2020-01-02 16:35:40,2026-07-29 22:15:00,65.9,9,4,3050.82,2.04,22,1056.98,0.61,C:\BulkBackTest\EA_Portfolio_engine\reports_in\GOLD\Gold Reaper\reports\strategy6_H1_XAUUSD.a_H1_OHLC.htm
strategy7_H1_XAUUSD.a_H1_OHLC,strategy7_H1,GOLD/Gold Reaper,XAUUSD.a,H1,XAUUSD.a,1,100000,5.0,90.0,1800.0,72336.15,4699.09,4.48,6.49,791,2020-01-02 15:22:00,2026-07-29 22:03:00,69.2,6,6,2524.11,1.61,23,1388.15,0.9,C:\BulkBackTest\EA_Portfolio_engine\reports_in\GOLD\Gold Reaper\reports\strategy7_H1_XAUUSD.a_H1_OHLC.htm
strategy8_H1_XAUUSD.a_H1_OHLC,strategy8_H1,GOLD/Gold Reaper,XAUUSD.a,H1,XAUUSD.a,1,100000,5.0,130.0,2600.0,64575.31,4791.52,4.43,5.56,1229,2020-01-02 17:31:40,2026-07-29 22:15:00,27.4,26,17,3017.59,4.98,6,836.51,0.89,C:\BulkBackTest\EA_Portfolio_engine\reports_in\GOLD\Gold Reaper\reports\strategy8_H1_XAUUSD.a_H1_OHLC.htm
strategy9_H1_XAUUSD.a_H1_OHLC,strategy9_H1,GOLD/Gold Reaper,XAUUSD.a,H1,XAUUSD.a,1,100000,5.0,700.0,14000.0,24585.76,1542.06,1.28,1.88,6923,2020-01-02 03:01:00,2026-07-30 23:58:59,66.2,21,7,782.09,2.06,21,209.2,0.26,C:\BulkBackTest\EA_Portfolio_engine\reports_in\GOLD\Gold Reaper\reports\strategy9_H1_XAUUSD.a_H1_OHLC.htm
dailyA_XAUUSD.a_Daily_OHLC,dailyA,GOLD/Goldbot One,XAUUSD.a,Daily,XAUUSD.a,1,100000,5.0,38.0,760.0,31645.98,2877.64,2.36,5.09,162,2020-01-03 07:33:40,2026-06-30 05:10:40,61.7,3,3,2741.55,1.51,7,1186.07,0.47,C:\BulkBackTest\EA_Portfolio_engine\reports_in\GOLD\Goldbot One\reports\dailyA_XAUUSD.a_Daily_OHLC.htm
dailyB_XAUUSD.a_Daily_OHLC,dailyB,GOLD/Goldbot One,XAUUSD.a,Daily,XAUUSD.a,1,100000,5.0,75.0,1500.0,44166.9,3910.81,3.29,3.39,114,2020-01-06 01:02:00,2026-06-30 09:27:40,72.8,5,5,3152.37,1.19,12,1525.17,0.66,C:\BulkBackTest\EA_Portfolio_engine\reports_in\GOLD\Goldbot One\reports\dailyB_XAUUSD.a_Daily_OHLC.htm
dailyC_XAUUSD.a_Daily_OHLC,dailyC,GOLD/Goldbot One,XAUUSD.a,Daily,XAUUSD.a,1,100000,5.0,27.0,540.0,21518.13,791.98,0.71,0.97,127,2020-01-06 01:02:40,2026-06-30 04:08:40,55.9,6,6,765.4,1.87,7,187.09,0.14,C:\BulkBackTest\EA_Portfolio_engine\reports_in\GOLD\Goldbot One\reports\dailyC_XAUUSD.a_Daily_OHLC.htm
dailyD_XAUUSD.a_Daily_OHLC,dailyD,GOLD/Goldbot One,XAUUSD.a,Daily,XAUUSD.a,1,100000,5.0,38.0,760.0,63268.73,3714.32,2.91,4.31,115,2020-01-06 01:10:40,2026-06-30 04:08:40,69.6,5,5,3172.51,1.59,8,2757.93,0.58,C:\BulkBackTest\EA_Portfolio_engine\reports_in\GOLD\Goldbot One\reports\dailyD_XAUUSD.a_Daily_OHLC.htm
dailyE_XAUUSD.a_Daily_OHLC,dailyE,GOLD/Goldbot One,XAUUSD.a,Daily,XAUUSD.a,1,100000,5.0,25.0,500.0,77801.99,5653.45,4.13,5.15,232,2020-01-14 04:59:40,2026-07-13 17:19:40,27.2,9,8,4745.47,3.19,3,1159.57,0.83,C:\BulkBackTest\EA_Portfolio_engine\reports_in\GOLD\Goldbot One\reports\dailyE_XAUUSD.a_Daily_OHLC.htm
dailyH_XAUUSD.a_Daily_OHLC,dailyH,GOLD/Goldbot One,XAUUSD.a,Daily,XAUUSD.a,1,100000,5.0,69.0,1380.0,33721.82,2135.77,2.08,2.22,323,2020-01-03 04:28:40,2026-07-13 17:16:59,66.3,4,4,2124.42,1.4,10,869.3,0.42,C:\BulkBackTest\EA_Portfolio_engine\reports_in\GOLD\Goldbot One\reports\dailyH_XAUUSD.a_Daily_OHLC.htm
dailyI_XAUUSD.a_Daily_OHLC,dailyI,GOLD/Goldbot One,XAUUSD.a,Daily,XAUUSD.a,1,100000,5.0,83.0,1660.0,30304.68,3613.42,3.1,3.41,310,2020-01-03 10:01:40,2026-07-13 19:44:40,53.2,7,7,1692.32,1.93,10,548.55,0.62,C:\BulkBackTest\EA_Portfolio_engine\reports_in\GOLD\Goldbot One\reports\dailyI_XAUUSD.a_Daily_OHLC.htm
dailyK_XAUUSD.a_Daily_OHLC,dailyK,GOLD/Goldbot One,XAUUSD.a,Daily,XAUUSD.a,1,100000,5.0,104.0,2080.0,47458.21,3713.58,3.16,3.45,298,2020-01-03 15:03:40,2026-07-13 17:25:40,56.0,6,6,2718.63,1.6,7,731.22,0.63,C:\BulkBackTest\EA_Portfolio_engine\reports_in\GOLD\Goldbot One\reports\dailyK_XAUUSD.a_Daily_OHLC.htm
GOLDTRADEPROH4_b_XAUUSD.a_H4_OHLC,GOLDTRADEPROH4_b,GOLD/Goldtrade Pro,XAUUSD.a,H4,XAUUSD.a,1,100000,5.0,90.0,1800.0,46092.77,4579.13,3.23,3.9,470,2020-01-08 01:29:40,2026-07-30 08:18:40,43.0,8,8,2120.61,2.25,6,908.99,0.65,C:\BulkBackTest\EA_Portfolio_engine\reports_in\GOLD\Goldtrade Pro\reports\GOLDTRADEPROH4_b_XAUUSD.a_H4_OHLC.htm
GOLDTRADEPRO_E_XAUUSD.a_Daily_OHLC,GOLDTRADEPRO_E,GOLD/Goldtrade Pro,XAUUSD.a,Daily,XAUUSD.a,1,100000,5.0,40.0,800.0,55528.08,2835.99,2.43,4.16,127,2020-01-06 01:02:20,2026-06-30 04:09:40,56.7,7,4,2520.87,1.83,9,843.21,0.49,C:\BulkBackTest\EA_Portfolio_engine\reports_in\GOLD\Goldtrade Pro\reports\GOLDTRADEPRO_E_XAUUSD.a_Daily_OHLC.htm
GOLDTRADEPRO_F_XAUUSD.a_Daily_OHLC,GOLDTRADEPRO_F,GOLD/Goldtrade Pro,XAUUSD.a,Daily,XAUUSD.a,1,100000,5.0,60.0,1200.0,43004.97,2929.18,2.1,2.82,155,2020-01-31 18:56:40,2026-06-30 09:24:40,61.9,5,4,2044.16,1.64,10,912.29,0.42,C:\BulkBackTest\EA_Portfolio_engine\reports_in\GOLD\Goldtrade Pro\reports\GOLDTRADEPRO_F_XAUUSD.a_Daily_OHLC.htm
GOLDTRADEPRO_G_XAUUSD.a_Daily_OHLC,GOLDTRADEPRO_G,GOLD/Goldtrade Pro,XAUUSD.a,Daily,XAUUSD.a,1,100000,5.0,40.0,800.0,43120.73,5275.1,4.57,4.83,135,2020-01-06 01:02:20,2026-06-30 04:20:40,55.6,5,4,3761.39,1.82,8,1585.1,0.91,C:\BulkBackTest\EA_Portfolio_engine\reports_in\GOLD\Goldtrade Pro\reports\GOLDTRADEPRO_G_XAUUSD.a_Daily_OHLC.htm
GOLDTRADEPRO_H_XAUUSD.a_Daily_OHLC,GOLDTRADEPRO_H,GOLD/Goldtrade Pro,XAUUSD.a,Daily,XAUUSD.a,1,100000,5.0,50.0,1000.0,46200.92,4818.03,3.48,4.51,198,2020-01-24 17:58:40,2026-06-30 04:29:40,51.5,8,10,3155.09,2.18,6,639.61,0.7,C:\BulkBackTest\EA_Portfolio_engine\reports_in\GOLD\Goldtrade Pro\reports\GOLDTRADEPRO_H_XAUUSD.a_Daily_OHLC.htm
GOLDTRADEPRO_a_XAUUSD.a_Daily_OHLC,GOLDTRADEPRO_a,GOLD/Goldtrade Pro,XAUUSD.a,Daily,XAUUSD.a,1,100000,5.0,60.0,1200.0,87712.19,6244.15,3.67,6.54,383,2020-01-03 07:33:40,2026-07-14 08:30:40,56.1,9,8,5802.84,2.02,9,1203.26,0.73,C:\BulkBackTest\EA_Portfolio_engine\reports_in\GOLD\Goldtrade Pro\reports\GOLDTRADEPRO_a_XAUUSD.a_Daily_OHLC.htm
GOLDTRADEPRO_c_XAUUSD.a_Daily_OHLC,GOLDTRADEPRO_c,GOLD/Goldtrade Pro,XAUUSD.a,Daily,XAUUSD.a,1,100000,5.0,40.0,800.0,62058.56,7785.91,5.04,9.21,107,2020-01-06 01:02:20,2026-06-30 07:33:40,66.4,6,4,6477.8,1.71,25,2063.27,1.01,C:\BulkBackTest\EA_Portfolio_engine\reports_in\GOLD\Goldtrade Pro\reports\GOLDTRADEPRO_c_XAUUSD.a_Daily_OHLC.htm
GOLDTRADEPRO_d_XAUUSD.a_Daily_OHLC,GOLDTRADEPRO_d,GOLD/Goldtrade Pro,XAUUSD.a,Daily,XAUUSD.a,1,100000,5.0,100.0,2000.0,42456.58,2265.77,2.22,4.03,262,2020-01-03 04:17:40,2026-07-13 17:26:20,56.5,6,5,2250.43,1.75,9,720.82,0.44,C:\BulkBackTest\EA_Portfolio_engine\reports_in\GOLD\Goldtrade Pro\reports\GOLDTRADEPRO_d_XAUUSD.a_Daily_OHLC.htm
IND_US30_1_US30.a_Daily_OHLC,IND_US30_1,Indicement/US30/US30_Daily,US30.a,Daily,US30.a,1,100000,5.0,10.0,200.0,27821.26,3014.61,2.32,2.56,296,2020-01-08 01:53:40,2026-07-29 01:32:40,77.0,4,4,2180.52,1.31,17,715.95,0.46,C:\BulkBackTest\EA_Portfolio_engine\reports_in\Indicement\US30\US30_Daily\reports\IND_US30_1_US30.a_Daily_OHLC.htm
IND_US30_2_US30.a_Daily_OHLC,IND_US30_2,Indicement/US30/US30_Daily,US30.a,Daily,US30.a,1,100000,5.0,45.0,900.0,16764.89,2279.0,2.14,2.96,339,2020-01-08 03:41:40,2026-07-27 03:01:40,58.1,7,3,1784.65,3.02,19,479.2,0.43,C:\BulkBackTest\EA_Portfolio_engine\reports_in\Indicement\US30\US30_Daily\reports\IND_US30_2_US30.a_Daily_OHLC.htm
IND_US30_3_US30.a_Daily_OHLC,IND_US30_3,Indicement/US30/US30_Daily,US30.a,Daily,US30.a,1,100000,5.0,20.0,400.0,23234.16,2795.45,2.63,2.71,436,2020-01-03 03:18:40,2026-07-29 01:20:40,45.0,11,10,2098.48,2.73,12,322.47,0.53,C:\BulkBackTest\EA_Portfolio_engine\reports_in\Indicement\US30\US30_Daily\reports\IND_US30_3_US30.a_Daily_OHLC.htm
IND_US30_4_US30.a_Daily_OHLC,IND_US30_4,Indicement/US30/US30_Daily,US30.a,Daily,US30.a,1,100000,5.0,37.0,740.0,13661.25,2136.18,2.03,2.14,863,2020-01-02 17:15:40,2026-07-29 01:23:40,41.6,20,10,1672.1,4.13,12,136.56,0.41,C:\BulkBackTest\EA_Portfolio_engine\reports_in\Indicement\US30\US30_Daily\reports\IND_US30_4_US30.a_Daily_OHLC.htm
US30_1_US30.a_Daily_OHLC,US30_1,Indicement/US30,US30.a,Daily,US30.a,1,100000,5.0,10.0,200.0,27821.26,3014.61,2.32,2.56,296,2020-01-08 01:53:40,2026-07-29 01:32:40,77.0,4,4,2180.52,1.31,17,715.95,0.46,C:\BulkBackTest\EA_Portfolio_engine\reports_in\Indicement\US30\reports\US30_1_US30.a_Daily_OHLC.htm
US30_2_US30.a_Daily_OHLC,US30_2,Indicement/US30,US30.a,Daily,US30.a,1,100000,5.0,45.0,900.0,16764.89,2279.0,2.14,2.96,339,2020-01-08 03:41:40,2026-07-27 03:01:40,58.1,7,3,1784.65,3.02,19,479.2,0.43,C:\BulkBackTest\EA_Portfolio_engine\reports_in\Indicement\US30\reports\US30_2_US30.a_Daily_OHLC.htm
US30_3_US30.a_Daily_OHLC,US30_3,Indicement/US30,US30.a,Daily,US30.a,1,100000,5.0,20.0,400.0,23234.16,2795.45,2.63,2.71,436,2020-01-03 03:18:40,2026-07-29 01:20:40,45.0,11,10,2098.48,2.73,12,322.47,0.53,C:\BulkBackTest\EA_Portfolio_engine\reports_in\Indicement\US30\reports\US30_3_US30.a_Daily_OHLC.htm
US30_4_US30.a_Daily_OHLC,US30_4,Indicement/US30,US30.a,Daily,US30.a,1,100000,5.0,37.0,740.0,13661.25,2136.18,2.03,2.14,863,2020-01-02 17:15:40,2026-07-29 01:23:40,41.6,20,10,1672.1,4.13,12,136.56,0.41,C:\BulkBackTest\EA_Portfolio_engine\reports_in\Indicement\US30\reports\US30_4_US30.a_Daily_OHLC.htm
US500a_US500.a_H1_OHLC,US500a,Indicement/US500,US500.a,H1,US500.a,1,100000,5.0,15.0,300.0,67528.59,2300.88,1.37,1.9,1433,2020-01-02 16:28:00,2026-07-30 23:52:40,63.4,7,5,1253.55,1.62,16,432.24,0.27,C:\BulkBackTest\EA_Portfolio_engine\reports_in\Indicement\US500\reports\US500a_US500.a_H1_OHLC.htm
US500b_US500.a_M15_OHLC,US500b,Indicement/US500,US500.a,M15,US500.a,1,100000,5.0,15.0,300.0,32900.27,3392.16,2.49,2.83,468,2020-01-14 17:40:20,2026-07-28 16:50:20,32.1,10,10,1994.36,2.94,4,239.23,0.5,C:\BulkBackTest\EA_Portfolio_engine\reports_in\Indicement\US500\reports\US500b_US500.a_M15_OHLC.htm
US500c_US500.a_M15_OHLC,US500c,Indicement/US500,US500.a,M15,US500.a,1,100000,5.0,17.0,340.0,25363.18,1949.11,1.81,1.78,409,2020-01-02 22:34:40,2026-07-28 17:36:40,35.0,9,9,1584.98,2.69,7,211.38,0.36,C:\BulkBackTest\EA_Portfolio_engine\reports_in\Indicement\US500\reports\US500c_US500.a_M15_OHLC.htm
US500d_US500.a_H1_OHLC,US500d,Indicement/US500,US500.a,H1,US500.a,1,100000,5.0,40.0,800.0,12426.59,1517.35,1.34,1.49,542,2020-01-03 12:42:40,2026-07-29 19:20:40,60.7,6,5,1412.18,1.82,10,439.83,0.27,C:\BulkBackTest\EA_Portfolio_engine\reports_in\Indicement\US500\reports\US500d_US500.a_H1_OHLC.htm
US500e_US500.a_Daily_OHLC,US500e,Indicement/US500,US500.a,Daily,US500.a,1,100000,5.0,60.0,1200.0,9227.58,2223.12,2.0,2.26,410,2020-01-03 12:49:40,2026-07-29 20:00:00,49.5,12,10,1744.0,2.07,9,381.38,0.4,C:\BulkBackTest\EA_Portfolio_engine\reports_in\Indicement\US500\reports\US500e_US500.a_Daily_OHLC.htm
US500f_US500.a_Daily_OHLC,US500f,Indicement/US500,US500.a,Daily,US500.a,1,100000,5.0,15.0,300.0,14221.51,1210.77,1.21,1.27,459,2020-01-03 02:39:30,2026-07-29 17:22:40,50.3,9,8,1028.21,2.04,10,292.64,0.24,C:\BulkBackTest\EA_Portfolio_engine\reports_in\Indicement\US500\reports\US500f_US500.a_Daily_OHLC.htm
US100_1_USTEC.a_H1_OHLC,US100_1,Indicement/USTEC(H1),USTEC.a,H1,USTEC.a,1,100000,5.0,12.0,240.0,127184.84,5789.15,2.91,3.2,2072,2020-01-02 13:04:40,2026-07-30 17:30:40,82.4,7,4,3909.0,1.26,38,795.43,0.58,C:\BulkBackTest\EA_Portfolio_engine\reports_in\Indicement\USTEC(H1)\reports\US100_1_USTEC.a_H1_OHLC.htm
US100_2_USTEC.a_H1_OHLC,US100_2,Indicement/USTEC(H1),USTEC.a,H1,USTEC.a,1,100000,5.0,10.0,200.0,50185.78,4110.96,2.69,3.0,583,2020-01-06 10:55:40,2026-07-29 17:30:40,81.6,5,3,2368.64,1.26,41,701.78,0.54,C:\BulkBackTest\EA_Portfolio_engine\reports_in\Indicement\USTEC(H1)\reports\US100_2_USTEC.a_H1_OHLC.htm
US100_3_USTEC.a_H1_OHLC,US100_3,Indicement/USTEC(H1),USTEC.a,H1,USTEC.a,1,100000,5.0,15.0,300.0,74658.49,5872.71,3.33,3.77,1432,2020-01-02 13:20:40,2026-07-30 17:43:40,83.5,7,5,2486.56,1.27,46,646.27,0.67,C:\BulkBackTest\EA_Portfolio_engine\reports_in\Indicement\USTEC(H1)\reports\US100_3_USTEC.a_H1_OHLC.htm
US100_4_USTEC.a_H1_OHLC,US100_4,Indicement/USTEC(H1),USTEC.a,H1,USTEC.a,1,100000,5.0,13.0,260.0,49640.6,3631.23,2.47,2.79,541,2020-01-02 23:05:40,2026-07-24 17:07:40,63.2,8,7,3429.95,1.57,19,899.87,0.49,C:\BulkBackTest\EA_Portfolio_engine\reports_in\Indicement\USTEC(H1)\reports\US100_4_USTEC.a_H1_OHLC.htm
DAX_M15_a_DE40.a_M15_OHLC,DAX_M15_a,ORB Master,DE40.a,M15,DE40.a,1,100000,5.0,17.0,340.0,34199.52,2511.43,2.11,2.29,617,2020-01-03 11:12:40,2026-07-30 10:26:40,47.6,7,7,1586.66,2.08,8,862.2,0.42,C:\BulkBackTest\EA_Portfolio_engine\reports_in\ORB Master\reports\DAX_M15_a_DE40.a_M15_OHLC.htm
DAX_M15_c_DE40.a_M15_OHLC,DAX_M15_c,ORB Master,DE40.a,M15,DE40.a,1,100000,5.0,11.0,220.0,38396.55,2609.84,1.91,2.26,611,2020-01-03 10:03:40,2026-07-30 11:32:40,51.9,10,9,1523.48,1.93,9,987.59,0.38,C:\BulkBackTest\EA_Portfolio_engine\reports_in\ORB Master\reports\DAX_M15_c_DE40.a_M15_OHLC.htm
DAX_M15_f_DE40.a_M15_OHLC,DAX_M15_f,ORB Master,DE40.a,M15,DE40.a,1,100000,5.0,15.0,300.0,37796.16,3709.54,2.68,2.91,1635,2020-01-03 10:44:40,2026-07-30 10:25:20,39.8,14,11,2563.77,2.48,8,204.97,0.54,C:\BulkBackTest\EA_Portfolio_engine\reports_in\ORB Master\reports\DAX_M15_f_DE40.a_M15_OHLC.htm
US30_M15_c_US30.a_M15_OHLC,US30_M15_c,ORB Master,US30.a,M15,US30.a,1,100000,5.0,14.0,280.0,27072.77,11167.84,8.08,8.3,341,2020-01-03 03:49:20,2026-07-23 10:00:40,50.4,7,9,3267.57,2.11,6,622.24,1.62,C:\BulkBackTest\EA_Portfolio_engine\reports_in\ORB Master\reports\US30_M15_c_US30.a_M15_OHLC.htm
US30_M15_f_US30.a_M15_OHLC,US30_M15_f,ORB Master,US30.a,M15,US30.a,1,100000,5.0,12.0,240.0,35711.56,4194.12,3.03,3.24,404,2020-01-03 03:41:40,2026-07-22 17:08:40,73.0,5,6,2683.28,1.43,21,575.41,0.61,C:\BulkBackTest\EA_Portfolio_engine\reports_in\ORB Master\reports\US30_M15_f_US30.a_M15_OHLC.htm
US30_M15_h_US30.a_M15_OHLC,US30_M15_h,ORB Master,US30.a,M15,US30.a,1,100000,5.0,9.0,180.0,36789.64,3007.3,2.57,3.26,482,2020-01-02 17:15:40,2026-07-22 17:14:40,55.4,6,5,1988.6,1.9,9,333.31,0.51,C:\BulkBackTest\EA_Portfolio_engine\reports_in\ORB Master\reports\US30_M15_h_US30.a_M15_OHLC.htm
US500_M15_a_US500.a_M15_OHLC,US500_M15_a,ORB Master,US500.a,M15,US500.a,1,100000,5.0,13.0,260.0,43382.53,4689.66,3.17,3.19,576,2020-01-02 22:50:40,2026-07-28 17:48:40,31.6,11,10,2555.47,3.1,5,276.51,0.63,C:\BulkBackTest\EA_Portfolio_engine\reports_in\ORB Master\reports\US500_M15_a_US500.a_M15_OHLC.htm
US500_M15_c_US500.a_M15_OHLC,US500_M15_c,ORB Master,US500.a,M15,US500.a,1,100000,5.0,11.0,220.0,42352.79,2616.5,2.29,2.51,287,2020-01-14 17:40:20,2026-07-28 17:48:40,37.6,7,7,1906.54,2.52,5,306.82,0.46,C:\BulkBackTest\EA_Portfolio_engine\reports_in\ORB Master\reports\US500_M15_c_US500.a_M15_OHLC.htm
US500_M15_d_US500.a_M15_OHLC,US500_M15_d,ORB Master,US500.a,M15,US500.a,1,100000,5.0,10.0,200.0,34928.29,5259.7,3.75,4.28,417,2020-01-14 17:40:20,2026-07-28 16:50:20,34.8,12,12,3626.4,2.78,4,334.99,0.75,C:\BulkBackTest\EA_Portfolio_engine\reports_in\ORB Master\reports\US500_M15_d_US500.a_M15_OHLC.htm
USTEC_M15_a_USTEC.a_M15_OHLC,USTEC_M15_a,ORB Master,USTEC.a,M15,USTEC.a,1,100000,5.0,24.0,480.0,47992.59,3491.71,2.35,2.96,292,2020-01-17 22:57:20,2026-07-22 23:01:40,74.3,5,6,3242.11,1.5,15,933.85,0.47,C:\BulkBackTest\EA_Portfolio_engine\reports_in\ORB Master\reports\USTEC_M15_a_USTEC.a_M15_OHLC.htm
USTEC_M15_e_USTEC.a_M15_OHLC,USTEC_M15_e,ORB Master,USTEC.a,M15,USTEC.a,1,100000,5.0,15.0,300.0,28578.76,4503.85,3.42,3.67,644,2020-01-06 21:12:40,2026-07-28 16:49:40,32.9,14,13,2309.39,3.02,6,231.26,0.68,C:\BulkBackTest\EA_Portfolio_engine\reports_in\ORB Master\reports\USTEC_M15_e_USTEC.a_M15_OHLC.htm
USTEC_M15_g_USTEC.a_M15_OHLC,USTEC_M15_g,ORB Master,USTEC.a,M15,USTEC.a,1,100000,5.0,17.0,340.0,11388.04,4069.3,3.53,3.62,592,2020-01-14 01:53:40,2026-07-29 17:01:20,36.8,13,12,2280.27,2.62,7,292.32,0.71,C:\BulkBackTest\EA_Portfolio_engine\reports_in\ORB Master\reports\USTEC_M15_g_USTEC.a_M15_OHLC.htm
H1_B_BTCUSD.a_H1_OHLC,H1_B,Volatility Breakout/BTCUSD,BTCUSD.a,H1,BTCUSD.a,2,100000,5.0,13.0,260.0,11622.34,1807.5,1.68,2.08,52,2020-01-03 07:00:40,2023-03-09 23:02:40,90.4,1,1,1807.5,1.0,21,1807.5,0.34,C:\BulkBackTest\EA_Portfolio_engine\reports_in\Volatility Breakout\BTCUSD\reports\H1_B_BTCUSD.a_H1_OHLC.htm
H1_C_BTCUSD.a_H1_OHLC,H1_C,Volatility Breakout/BTCUSD,BTCUSD.a,H1,BTCUSD.a,2,100000,5.0,31.0,620.0,98266.33,5129.14,2.95,3.14,883,2020-01-02 19:00:40,2026-07-29 23:05:40,81.8,4,4,3812.68,1.29,26,1421.94,0.59,C:\BulkBackTest\EA_Portfolio_engine\reports_in\Volatility Breakout\BTCUSD\reports\H1_C_BTCUSD.a_H1_OHLC.htm
H1_E_BTCUSD.a_H1_OHLC,H1_E,Volatility Breakout/BTCUSD,BTCUSD.a,H1,BTCUSD.a,2,100000,5.0,31.0,620.0,97914.28,5218.63,2.89,3.23,1605,2020-01-02 19:00:40,2026-07-29 23:02:20,74.5,6,6,2055.59,1.37,33,841.39,0.58,C:\BulkBackTest\EA_Portfolio_engine\reports_in\Volatility Breakout\BTCUSD\reports\H1_E_BTCUSD.a_H1_OHLC.htm
H1_F_BTCUSD.a_H1_OHLC,H1_F,Volatility Breakout/BTCUSD,BTCUSD.a,H1,BTCUSD.a,2,100000,5.0,35.0,700.0,116692.39,5082.43,2.66,2.75,1313,2020-01-02 19:00:40,2026-07-29 23:03:40,85.1,4,4,2320.77,1.2,44,1257.94,0.53,C:\BulkBackTest\EA_Portfolio_engine\reports_in\Volatility Breakout\BTCUSD\reports\H1_F_BTCUSD.a_H1_OHLC.htm
H1_H_BTCUSD.a_M15_OHLC,H1_H,Volatility Breakout/BTCUSD,BTCUSD.a,M15,BTCUSD.a,2,100000,5.0,61.0,1220.0,38246.01,5070.12,4.72,5.04,768,2020-01-02 04:01:40,2026-07-27 17:30:40,82.6,4,5,2606.46,1.31,47,1063.36,0.94,C:\BulkBackTest\EA_Portfolio_engine\reports_in\Volatility Breakout\BTCUSD\reports\H1_H_BTCUSD.a_M15_OHLC.htm
H1_J_BTCUSD.a_M15_OHLC,H1_J,Volatility Breakout/BTCUSD,BTCUSD.a,M15,BTCUSD.a,2,100000,5.0,74.0,1480.0,78418.34,5019.62,4.22,4.49,1690,2020-01-02 19:21:40,2026-07-28 16:48:40,68.3,5,5,2848.51,1.48,17,2380.44,0.84,C:\BulkBackTest\EA_Portfolio_engine\reports_in\Volatility Breakout\BTCUSD\reports\H1_J_BTCUSD.a_M15_OHLC.htm
H1_M_BTCUSD.a_M15_OHLC,H1_M,Volatility Breakout/BTCUSD,BTCUSD.a,M15,BTCUSD.a,2,100000,5.0,80.0,1600.0,50495.04,5658.82,4.64,5.02,666,2020-01-02 19:25:40,2026-07-28 01:48:40,65.9,6,5,3559.66,1.57,13,2197.32,0.93,C:\BulkBackTest\EA_Portfolio_engine\reports_in\Volatility Breakout\BTCUSD\reports\H1_M_BTCUSD.a_M15_OHLC.htm
H1_O_BTCUSD.a_M15_OHLC,H1_O,Volatility Breakout/BTCUSD,BTCUSD.a,M15,BTCUSD.a,2,100000,5.0,21.0,420.0,282.74,8392.56,7.72,7.72,62,2020-01-03 06:45:40,2023-08-18 00:45:20,75.8,3,3,8392.56,1.5,12,8392.56,1.54,C:\BulkBackTest\EA_Portfolio_engine\reports_in\Volatility Breakout\BTCUSD\reports\H1_O_BTCUSD.a_M15_OHLC.htm
EURUSD_e_EURUSD.a_M15_OHLC,EURUSD_e,Volatility Breakout/EURUSD,EURUSD.a,M15,EURUSD.a,2,100000,5.0,20.0,400.0,12044.06,4199.9,3.72,4.32,104,2020-05-05 12:04:40,2026-07-14 18:51:40,68.3,3,5,2281.25,1.65,11,776.25,0.74,C:\BulkBackTest\EA_Portfolio_engine\reports_in\Volatility Breakout\EURUSD\reports\EURUSD_e_EURUSD.a_M15_OHLC.htm
EURUSD_f_EURUSD.a_M15_OHLC,EURUSD_f,Volatility Breakout/EURUSD,EURUSD.a,M15,EURUSD.a,2,100000,5.0,20.0,400.0,8870.5,4970.27,4.42,5.7,142,2020-05-05 12:04:40,2026-07-14 18:51:40,60.6,6,5,4102.3,1.93,9,796.25,0.88,C:\BulkBackTest\EA_Portfolio_engine\reports_in\Volatility Breakout\EURUSD\reports\EURUSD_f_EURUSD.a_M15_OHLC.htm
EURUSD_i_EURUSD.a_M15_OHLC,EURUSD_i,Volatility Breakout/EURUSD,EURUSD.a,M15,EURUSD.a,2,100000,5.0,90.0,1800.0,15705.72,4503.92,4.04,4.6,155,2020-03-12 13:09:40,2026-07-23 16:11:40,48.4,6,7,2931.73,2.16,6,542.48,0.81,C:\BulkBackTest\EA_Portfolio_engine\reports_in\Volatility Breakout\EURUSD\reports\EURUSD_i_EURUSD.a_M15_OHLC.htm
EURUSD_k_EURUSD.a_M15_OHLC,EURUSD_k,Volatility Breakout/EURUSD,EURUSD.a,M15,EURUSD.a,2,100000,5.0,14.0,280.0,13252.16,6176.79,5.26,6.63,85,2020-05-05 12:04:40,2026-07-29 22:15:40,62.4,3,3,3859.1,1.68,7,1353.86,1.05,C:\BulkBackTest\EA_Portfolio_engine\reports_in\Volatility Breakout\EURUSD\reports\EURUSD_k_EURUSD.a_M15_OHLC.htm
EURUSD_l_EURUSD.a_M15_OHLC,EURUSD_l,Volatility Breakout/EURUSD,EURUSD.a,M15,EURUSD.a,2,100000,5.0,32.0,640.0,13381.3,1822.42,1.65,2.27,135,2020-03-03 18:11:40,2026-07-14 20:14:40,65.2,3,3,1684.78,1.47,13,591.6,0.33,C:\BulkBackTest\EA_Portfolio_engine\reports_in\Volatility Breakout\EURUSD\reports\EURUSD_l_EURUSD.a_M15_OHLC.htm
EURUSD_m_EURUSD.a_M15_OHLC,EURUSD_m,Volatility Breakout/EURUSD,EURUSD.a,M15,EURUSD.a,2,100000,5.0,43.0,860.0,9159.3,4881.34,4.43,5.36,119,2020-03-12 11:24:40,2026-07-20 15:15:40,51.3,5,5,2476.78,2.0,7,1654.95,0.89,C:\BulkBackTest\EA_Portfolio_engine\reports_in\Volatility Breakout\EURUSD\reports\EURUSD_m_EURUSD.a_M15_OHLC.htm
EURUSD_o_EURUSD.a_M15_OHLC,EURUSD_o,Volatility Breakout/EURUSD,EURUSD.a,M15,EURUSD.a,2,100000,5.0,24.0,480.0,13017.83,6553.72,5.78,6.19,160,2020-03-12 11:23:40,2026-07-29 22:15:40,61.3,5,4,3329.48,1.55,9,788.8,1.16,C:\BulkBackTest\EA_Portfolio_engine\reports_in\Volatility Breakout\EURUSD\reports\EURUSD_o_EURUSD.a_M15_OHLC.htm
NAS_VOL_M15_A_USTEC.a_M15_OHLC,NAS_VOL_M15_A,Volatility Breakout/NAS100,USTEC.a,M15,USTEC.a,2,100000,5.0,30.0,600.0,46953.94,5280.28,3.62,4.1,470,2020-01-03 12:51:40,2026-07-28 18:25:40,41.9,13,10,5280.28,2.18,6,638.17,0.72,C:\BulkBackTest\EA_Portfolio_engine\reports_in\Volatility Breakout\NAS100\reports\NAS_VOL_M15_A_USTEC.a_M15_OHLC.htm
NAS_VOL_M15_B_USTEC.a_M15_OHLC,NAS_VOL_M15_B,Volatility Breakout/NAS100,USTEC.a,M15,USTEC.a,2,100000,5.0,25.0,500.0,46699.06,6263.4,4.27,4.59,482,2020-01-06 01:00:00,2026-07-28 17:14:40,33.6,12,9,3463.86,2.83,4,483.14,0.85,C:\BulkBackTest\EA_Portfolio_engine\reports_in\Volatility Breakout\NAS100\reports\NAS_VOL_M15_B_USTEC.a_M15_OHLC.htm
NAS_VOL_M15_C_USTEC.a_M15_OHLC,NAS_VOL_M15_C,Volatility Breakout/NAS100,USTEC.a,M15,USTEC.a,2,100000,5.0,25.0,500.0,46807.19,6348.48,4.35,5.07,487,2020-01-06 01:00:00,2026-07-28 18:20:40,33.9,12,9,3463.86,2.85,4,483.14,0.87,C:\BulkBackTest\EA_Portfolio_engine\reports_in\Volatility Breakout\NAS100\reports\NAS_VOL_M15_C_USTEC.a_M15_OHLC.htm
NAS_VOL_M15_D_USTEC.a_M15_OHLC,NAS_VOL_M15_D,Volatility Breakout/NAS100,USTEC.a,M15,USTEC.a,2,100000,5.0,25.0,500.0,53828.47,7102.29,4.77,4.97,447,2020-01-06 10:41:40,2026-07-28 18:45:40,42.3,15,10,7102.29,2.22,6,761.32,0.95,C:\BulkBackTest\EA_Portfolio_engine\reports_in\Volatility Breakout\NAS100\reports\NAS_VOL_M15_D_USTEC.a_M15_OHLC.htm
NAS_VOL_M15_E_USTEC.a_M15_OHLC,NAS_VOL_M15_E,Volatility Breakout/NAS100,USTEC.a,M15,USTEC.a,2,100000,5.0,20.0,400.0,56180.52,6336.33,4.13,4.67,558,2020-01-03 09:48:40,2026-07-28 18:18:40,36.6,8,9,3054.77,2.58,5,554.28,0.83,C:\BulkBackTest\EA_Portfolio_engine\reports_in\Volatility Breakout\NAS100\reports\NAS_VOL_M15_E_USTEC.a_M15_OHLC.htm
US30_VOL_M15_a_US30.a_M15_OHLC,US30_VOL_M15_a,Volatility Breakout/US30,US30.a,M15,US30.a,2,100000,5.0,15.0,300.0,29095.06,3338.88,3.12,4.4,277,2020-01-06 01:00:00,2026-07-24 13:01:40,68.2,3,4,2565.97,1.38,12,2041.44,0.62,C:\BulkBackTest\EA_Portfolio_engine\reports_in\Volatility Breakout\US30\reports\US30_VOL_M15_a_US30.a_M15_OHLC.htm
US30_VOL_M15_b_US30.a_M15_OHLC,US30_VOL_M15_b,Volatility Breakout/US30,US30.a,M15,US30.a,2,100000,5.0,20.0,400.0,12797.94,93.6,0.09,1.38,179,2020-03-09 17:00:40,2026-07-17 16:53:20,81.6,2,2,93.6,1.27,14,93.6,0.02,C:\BulkBackTest\EA_Portfolio_engine\reports_in\Volatility Breakout\US30\reports\US30_VOL_M15_b_US30.a_M15_OHLC.htm
US30_VOL_M15_c_US30.a_M15_OHLC,US30_VOL_M15_c,Volatility Breakout/US30,US30.a,M15,US30.a,2,100000,5.0,15.0,300.0,13815.6,2010.62,1.8,2.62,335,2020-01-03 22:10:40,2026-07-24 11:01:40,72.5,3,3,1293.8,1.28,10,1250.7,0.36,C:\BulkBackTest\EA_Portfolio_engine\reports_in\Volatility Breakout\US30\reports\US30_VOL_M15_c_US30.a_M15_OHLC.htm
US30_VOL_M15_g_US30.a_M15_OHLC,US30_VOL_M15_g,Volatility Breakout/US30,US30.a,M15,US30.a,2,100000,5.0,15.0,300.0,30157.74,2511.91,2.02,2.77,320,2020-01-03 22:16:40,2026-07-24 14:00:40,65.0,4,4,2511.91,1.58,17,2426.52,0.4,C:\BulkBackTest\EA_Portfolio_engine\reports_in\Volatility Breakout\US30\reports\US30_VOL_M15_g_US30.a_M15_OHLC.htm
VolUS500_a_US500.a_M15_OHLC,VolUS500_a,Volatility Breakout/US500,US500.a,M15,US500.a,2,100000,5.0,15.0,300.0,19834.09,3339.95,3.18,4.57,210,2020-03-23 15:19:40,2026-07-08 14:43:40,51.4,4,4,3299.47,1.85,8,1544.89,0.64,C:\BulkBackTest\EA_Portfolio_engine\reports_in\Volatility Breakout\US500\reports\VolUS500_a_US500.a_M15_OHLC.htm
VolUS500_c_US500.a_M15_OHLC,VolUS500_c,Volatility Breakout/US500,US500.a,M15,US500.a,2,100000,5.0,40.0,800.0,21578.19,3942.6,3.39,4.37,234,2020-01-03 12:49:40,2026-07-10 20:36:40,48.7,9,11,2187.13,2.5,7,688.0,0.68,C:\BulkBackTest\EA_Portfolio_engine\reports_in\Volatility Breakout\US500\reports\VolUS500_c_US500.a_M15_OHLC.htm
VolUS500_g_US500.a_M15_OHLC,VolUS500_g,Volatility Breakout/US500,US500.a,M15,US500.a,2,100000,5.0,40.0,800.0,33134.82,3368.69,2.62,3.11,1253,2020-01-02 17:23:40,2026-07-30 01:05:40,47.2,15,7,1956.34,2.86,9,232.3,0.52,C:\BulkBackTest\EA_Portfolio_engine\reports_in\Volatility Breakout\US500\reports\VolUS500_g_US500.a_M15_OHLC.htm
M5_C_XAUUSD.a_M5_OHLC,M5_C,Volatility Breakout/xauusd,XAUUSD.a,M5,XAUUSD.a,2,100000,5.0,600.0,12000.0,16000.56,4231.35,3.83,3.86,408,2020-01-06 01:45:40,2026-07-29 21:54:40,41.7,10,9,2339.34,2.43,8,315.72,0.77,C:\BulkBackTest\EA_Portfolio_engine\reports_in\Volatility Breakout\xauusd\reports\M5_C_XAUUSD.a_M5_OHLC.htm
M5_E_XAUUSD.a_M5_OHLC,M5_E,Volatility Breakout/xauusd,XAUUSD.a,M5,XAUUSD.a,2,100000,5.0,700.0,14000.0,11866.54,3764.47,3.41,3.68,177,2020-01-06 17:40:40,2026-07-14 19:05:40,47.5,8,8,2389.72,2.02,6,367.99,0.68,C:\BulkBackTest\EA_Portfolio_engine\reports_in\Volatility Breakout\xauusd\reports\M5_E_XAUUSD.a_M5_OHLC.htm
M5_G_XAUUSD.a_M5_OHLC,M5_G,Volatility Breakout/xauusd,XAUUSD.a,M5,XAUUSD.a,2,100000,5.0,1000.0,20000.0,6817.69,3002.19,2.81,2.77,408,2020-01-06 01:45:40,2026-07-29 22:58:40,29.7,15,13,1981.21,3.54,5,186.57,0.56,C:\BulkBackTest\EA_Portfolio_engine\reports_in\Volatility Breakout\xauusd\reports\M5_G_XAUUSD.a_M5_OHLC.htm
M5_H_XAUUSD.a_M5_OHLC,M5_H,Volatility Breakout/xauusd,XAUUSD.a,M5,XAUUSD.a,2,100000,5.0,530.0,10600.0,7508.36,6524.69,5.95,6.49,163,2020-01-07 03:46:40,2026-07-14 21:41:40,50.3,6,5,3055.69,1.88,5,664.29,1.19,C:\BulkBackTest\EA_Portfolio_engine\reports_in\Volatility Breakout\xauusd\reports\M5_H_XAUUSD.a_M5_OHLC.htm
BitcoinScalpPro_BTCUSD.a_H1_OHLC,BitcoinScalpPro,bitcoin Scalp Pro(H1),BTCUSD.a,H1,BTCUSD.a,1,100000,5.0,35.0,700.0,95937.86,3132.92,1.69,5.86,2293,2020-01-02 18:51:40,2026-07-30 16:49:40,47.1,10,9,1536.4,2.15,8,356.51,0.34,C:\BulkBackTest\EA_Portfolio_engine\reports_in\bitcoin Scalp Pro(H1)\reports\BitcoinScalpPro_BTCUSD.a_H1_OHLC.htm
