date,GoldBotOne_Pkg,GoldPhantom_Pkg_Conservative,GoldPhantom_Pkg_ExtremeConservative,GoldPhantom_Pkg_Moderate,GoldReaper_Pkg_Conservative,GoldReaper_Pkg_ExtremeConservative,GoldReaper_Pkg_Intense,GoldReaper_Pkg_Moderate,GoldTradePro_Pkg
2018-01-02,-6.78,0.0,0.0,0.0,0.0,0.0,0.0,0.0,0.0
2018-01-03,-36.49,-37.17,-43.37,-30.98,0.0,0.0,0.0,0.0,0.0
2018-01-04,0.0,8.4,0.0,94.03,262.73,0.0,235.83,403.32,0.0
2018-01-05,0.0,0.0,0.0,-2.69,0.0,0.0,-23.75,0.0,0.0
2018-01-09,0.0,-11.91,0.0,-11.52,0.0,0.0,0.0,0.0,0.0
2018-01-10,-648.67,-490.7,-449.33,-445.76,-620.37,-402.2,-787.75,-364.71,-419.91
2018-01-12,-10.07,-55.3,-77.62,-28.98,14.61,-47.98,48.36,115.21,0.0
2018-01-17,0.0,-54.14,0.0,-142.59,125.98,0.0,-77.91,108.19,0.0
2018-01-23,0.0,-41.95,0.0,-71.75,29.92,0.0,6.72,42.12,0.0
2018-01-24,575.06,234.69,0.0,303.18,1156.46,1279.25,1511.89,1259.29,474.53
2018-01-25,215.21,663.44,817.01,579.04,813.09,545.33,339.35,297.88,126.99
2018-01-29,0.0,20.4,0.0,24.8,-17.22,0.0,63.97,41.87,0.0
2018-01-31,0.0,-55.34,0.0,-38.0,-441.83,0.0,-516.55,-798.44,0.0
2018-02-01,0.0,10.02,0.0,-24.19,0.0,0.0,15.29,25.61,0.0
2018-02-02,0.0,25.13,0.0,45.33,129.03,0.0,238.82,213.03,0.0
2018-02-06,40.49,-47.28,0.0,-47.28,-38.17,0.0,-86.07,-71.63,-32.16
2018-02-07,-56.5,-163.64,-123.66,-128.92,0.0,0.0,0.0,0.0,0.0
2018-02-08,-253.47,21.0,109.92,60.52,0.0,0.0,0.0,0.0,-28.6
2018-02-12,0.0,11.29,0.0,22.76,0.0,0.0,15.1,16.49,0.0
2018-02-13,0.0,-8.38,0.0,-7.76,17.83,0.0,18.74,46.73,0.0
2018-02-14,43.01,0.0,0.0,-0.08,27.85,0.0,90.76,18.44,33.99
2018-02-15,0.0,0.0,0.0,-14.5,0.0,0.0,0.0,0.0,0.0
2018-02-16,63.51,-79.17,-69.67,-61.35,0.0,0.0,0.0,0.0,0.0
2018-02-20,0.0,0.0,0.0,25.0,123.69,0.0,171.99,81.93,0.0
2018-02-26,0.0,22.65,0.0,80.92,0.0,0.0,161.41,164.01,0.0
2018-02-27,113.49,28.03,0.0,71.18,268.24,0.0,396.97,272.14,140.56
2018-02-28,15.22,0.0,0.0,1.31,43.97,0.0,16.86,23.82,0.0
2018-03-01,-280.13,559.72,486.53,434.15,-121.37,-552.96,349.8,583.07,-30.75
2018-03-02,-212.84,0.0,0.0,-53.21,0.0,0.0,0.0,0.0,0.0
2018-03-06,0.0,14.35,0.0,32.73,134.12,0.0,366.21,261.32,0.0
2018-03-07,0.0,0.0,0.0,0.0,0.0,0.0,-129.25,0.0,0.0
2018-03-08,0.0,0.0,0.0,-79.43,0.0,0.0,0.0,0.0,0.0
2018-03-09,0.0,-1.88,0.0,-0.58,-51.34,0.0,-102.93,-94.0,0.0
2018-03-13,0.0,-86.32,0.0,-148.52,-124.65,0.0,-54.55,-86.27,0.0
2018-03-16,0.0,-22.48,0.0,-65.75,154.66,0.0,248.66,212.89,16.84
2018-03-19,8.76,-260.67,-168.03,-200.41,43.25,0.0,16.72,22.78,6.67
2018-03-20,0.0,-16.6,0.0,-60.92,-14.65,0.0,-15.14,-6.3,0.0
2018-03-21,-80.58,13.26,0.0,36.54,-566.87,0.0,-717.22,-590.47,62.68
2018-03-22,-133.42,-249.29,-203.99,-200.89,0.0,0.0,0.15,2.11,-8.11
2018-03-23,107.38,11.24,0.0,16.07,17.64,0.0,26.39,50.94,0.77
2018-03-26,42.59,184.27,0.0,141.75,0.0,0.0,0.0,0.0,35.08
2018-03-27,0.0,152.48,181.11,171.93,80.78,0.0,29.5,43.18,0.0
2018-04-04,0.0,11.33,0.0,26.06,-138.66,0.0,-51.46,-91.95,0.0
2018-04-05,0.0,10.08,0.0,12.8,17.67,0.0,162.69,220.93,0.0
2018-04-06,-217.83,-151.91,-123.65,-167.22,-115.59,0.0,-133.92,-251.55,-129.06
2018-04-09,0.0,11.15,0.0,17.33,17.93,0.0,4.04,18.08,0.0
2018-04-10,0.0,0.0,0.0,0.0,0.0,0.0,-3.24,-3.74,0.0
2018-04-11,671.57,411.62,213.88,380.24,287.1,618.41,630.54,454.58,543.2
2018-04-18,0.0,10.02,0.0,30.51,396.43,0.0,284.31,327.31,-3.82
2018-04-20,0.0,10.28,0.0,17.72,33.6,0.0,26.02,44.58,0.0
2018-04-23,278.45,10.09,0.0,12.06,0.0,0.0,11.42,201.67,0.0
2018-04-24,69.49,196.15,148.05,177.33,100.81,0.0,41.92,53.82,120.26
2018-04-25,-54.7,11.15,0.0,23.18,-1.48,-35.34,-51.65,-41.47,0.0
2018-04-26,-7.26,-96.97,-69.52,-63.3,17.83,0.0,-12.66,30.13,-38.91
2018-04-27,-38.02,0.0,0.0,6.18,60.54,0.0,47.28,35.86,52.07
2018-04-30,0.0,-89.4,-60.21,-58.2,531.65,0.0,687.87,733.13,0.0
2018-05-01,-121.25,-5.0,0.0,-3.92,-36.54,-61.98,-14.82,-20.97,47.55
2018-05-02,-462.73,-256.63,-375.4,-197.65,-326.84,-821.1,-201.0,-288.64,-258.28
2018-05-03,-193.25,0.0,0.0,0.0,0.0,0.0,0.0,0.0,0.0
2018-05-07,0.0,-5.01,0.0,3.75,15.76,0.0,17.53,15.78,0.0
2018-05-08,0.0,22.4,0.0,31.8,0.0,0.0,-404.36,-328.43,0.0
2018-05-09,0.0,0.0,0.0,-33.99,0.0,0.0,0.0,0.0,0.0
2018-05-10,-53.17,68.02,0.0,70.97,102.25,0.0,235.77,236.61,16.12
2018-05-11,22.9,0.0,0.0,0.0,0.0,0.0,-1.62,13.71,0.0
2018-05-14,-51.77,-168.03,-158.11,-65.4,0.0,0.0,-574.53,0.0,0.0
2018-05-15,549.45,202.74,0.0,173.38,811.2,1601.99,854.56,768.9,430.23
2018-05-16,0.0,385.94,454.8,299.51,0.0,0.0,0.0,0.0,65.61
2018-05-17,0.0,0.0,0.0,4.27,7.48,0.0,0.43,2.42,0.0
2018-05-18,0.0,0.0,0.0,0.0,0.0,0.0,-49.77,-32.95,0.0
2018-05-21,195.94,319.69,385.89,410.67,536.16,0.0,146.52,185.44,0.0
2018-05-22,180.49,11.02,0.0,-29.96,19.36,0.0,13.93,0.78,0.0
2018-05-23,0.0,0.0,0.0,21.68,18.4,0.0,7.26,10.89,0.0
2018-05-24,97.96,11.02,0.0,12.14,7.36,0.0,539.18,372.72,0.0
2018-05-29,0.0,11.11,0.0,22.58,-553.76,0.0,-418.96,-120.12,0.0
2018-05-31,0.0,-155.36,0.0,-275.17,-86.4,0.0,-132.42,-109.41,-97.38
2018-06-01,0.0,0.0,0.0,0.0,-1069.8,0.0,-1248.62,-978.66,0.0
2018-06-05,0.0,-57.56,0.0,-57.56,-295.32,0.0,-350.11,-321.59,0.0
2018-06-06,0.0,0.0,0.0,4.18,16.29,0.0,-320.62,-476.26,0.0
2018-06-07,0.0,0.0,0.0,2.56,0.0,0.0,2.79,8.37,0.0
2018-06-12,0.0,-41.24,0.0,-127.72,0.0,0.0,-137.55,-54.89,0.0
2018-06-13,-181.62,-71.34,-89.93,-71.46,0.0,0.0,-132.53,11.7,-81.6
2018-06-14,-93.98,-220.77,-254.56,-160.69,-561.51,7.6,-492.01,-1266.86,-7.38
2018-06-15,355.64,19.74,-65.21,-67.56,3.63,-47.79,546.9,455.85,116.61
2018-06-18,118.8,0.0,0.0,0.0,33.4,108.55,12.97,18.91,56.86
2018-06-19,0.0,621.93,470.92,549.4,268.66,0.0,367.34,268.01,77.82
2018-06-20,0.0,236.44,0.0,241.25,-41.82,0.0,-30.84,-3.76,0.0
2018-06-21,0.0,0.0,0.0,199.53,68.69,0.0,568.28,398.64,0.0
2018-06-22,0.0,430.8,559.55,479.42,0.0,0.0,0.0,0.0,0.0
2018-06-26,48.15,48.86,0.0,77.55,388.49,153.0,733.78,649.35,239.13
2018-06-27,80.26,0.0,0.0,0.0,781.02,0.0,303.65,477.55,0.0
2018-06-28,0.0,206.04,0.0,174.35,811.15,0.0,315.86,498.19,0.0
2018-06-29,0.0,549.03,664.42,448.85,0.0,0.0,0.0,0.0,0.0
2018-07-02,0.0,84.83,0.0,111.19,423.87,0.0,1057.19,907.4,0.0
2018-07-03,0.0,10.66,0.0,18.68,33.32,0.0,30.65,55.78,-25.96
2018-07-04,0.0,0.0,0.0,0.0,0.0,0.0,59.48,40.21,0.0
2018-07-09,-75.99,2.43,0.0,56.43,155.5,0.0,506.15,113.32,-0.28
2018-07-10,-155.01,-156.47,-135.25,-107.98,145.31,0.0,72.12,264.71,-3.44
2018-07-11,0.0,10.75,0.0,17.9,39.26,0.0,89.04,36.31,0.0
2018-07-13,-150.24,-110.35,-79.64,-48.24,-146.35,-330.68,-27.52,-55.89,-244.07
2018-07-16,0.0,-33.57,-41.22,-27.47,-113.4,0.0,-41.21,-65.74,-159.66
2018-07-17,92.32,26.32,0.0,66.68,979.82,727.1,636.4,654.12,206.28
2018-07-18,239.75,411.14,261.87,333.06,0.0,0.0,0.0,0.0,0.0
2018-07-19,536.84,584.31,725.96,863.94,473.69,0.0,327.21,344.69,161.01
2018-07-26,0.0,-152.21,0.0,-319.6,-469.65,0.0,-1010.65,-521.32,-58.64
2018-07-27,0.0,-13.76,0.0,-18.05,12.61,0.0,-421.87,-235.08,-31.63
2018-07-31,0.0,42.18,0.0,-3.48,216.97,0.0,451.99,710.25,-39.68
2018-08-02,594.92,-28.54,-30.72,-21.28,155.38,0.0,216.86,301.83,0.0
2018-08-03,207.94,202.18,51.65,227.61,406.37,869.16,510.46,316.61,371.25
2018-08-08,0.0,-51.35,0.0,-183.48,-15.02,0.0,-11.59,-20.73,0.0
2018-08-09,0.0,-16.43,0.0,-39.52,-245.52,0.0,-297.69,-257.68,0.0
2018-08-10,0.0,-38.58,0.0,-36.52,-301.81,0.0,-889.32,-987.17,-54.24
2018-08-13,439.77,-0.59,0.0,-70.06,439.39,1308.53,-461.79,-242.98,464.72
2018-08-14,0.0,0.0,0.0,0.0,-53.95,0.0,-83.04,-25.38,0.0
2018-08-15,0.0,426.08,263.54,530.97,273.02,0.0,412.56,294.5,0.0
2018-08-16,0.0,2125.95,2610.2,1716.22,825.79,0.0,350.59,506.97,0.0
2018-08-22,0.0,11.25,0.0,11.25,0.0,0.0,0.0,0.0,0.0
2018-08-24,0.0,11.35,0.0,20.9,146.2,0.0,100.0,90.62,0.0
2018-08-27,0.0,0.0,0.0,33.38,278.73,0.0,67.41,149.56,16.74
2018-08-28,0.0,21.83,0.0,43.92,43.59,0.0,0.0,21.71,0.0
2018-08-30,0.0,10.21,0.0,13.04,56.95,0.0,165.22,153.28,-4.6
2018-08-31,0.0,10.3,0.0,-29.78,0.0,0.0,2.14,8.95,0.0
2018-09-03,0.0,-2.75,0.0,-28.09,16.15,0.0,-357.47,-234.88,0.0
2018-09-04,0.0,-8.07,0.0,-6.5,27.3,0.0,61.02,121.48,0.0
2018-09-11,-402.87,10.87,0.0,14.7,118.99,0.0,19.74,87.37,-21.53
2018-09-12,0.0,-343.04,-415.49,-267.1,-5.78,0.0,-37.98,-22.11,0.0
2018-09-13,-242.74,-279.11,-230.28,-237.41,-135.07,0.0,-57.79,-34.21,-48.51
2018-09-19,0.0,-4.85,0.0,-4.74,0.0,0.0,0.0,0.0,0.0
2018-09-21,-417.71,-128.22,-163.25,-97.6,-131.95,0.0,-50.25,-69.69,-31.57
2018-09-24,0.0,0.0,0.0,0.0,-295.93,0.0,-660.84,-514.81,0.0
2018-09-26,-373.82,-162.52,-133.84,-128.71,-110.3,0.0,-40.93,-70.48,-92.14
2018-09-27,107.76,0.0,0.0,0.0,82.76,88.79,126.22,294.64,106.02
2018-09-28,-26.86,53.58,40.9,115.17,0.0,0.0,0.0,0.0,10.05
2018-10-02,0.0,52.55,0.0,68.85,0.0,0.0,175.13,184.6,0.0
2018-10-08,0.0,-4.99,0.0,19.37,140.36,0.0,437.08,416.79,61.64
2018-10-09,0.0,0.0,0.0,-38.33,0.0,0.0,0.0,0.0,0.0
2018-10-10,0.0,0.0,0.0,0.0,-279.1,0.0,-193.9,-163.21,0.0
2018-10-11,446.75,405.48,249.04,375.47,268.61,201.88,154.31,251.84,306.92
2018-10-12,0.0,211.12,254.68,228.17,0.0,0.0,0.0,0.0,0.0
2018-10-15,-16.98,51.57,0.0,72.77,286.66,0.0,245.41,421.91,0.0
2018-10-16,0.0,-75.82,-86.85,-59.64,0.0,0.0,0.0,301.22,0.0
2018-10-17,-161.18,0.0,0.0,0.0,481.04,0.0,180.0,0.0,0.0
2018-10-18,0.0,0.0,0.0,17.94,37.66,0.0,17.8,29.95,0.0
2018-10-19,0.0,0.0,0.0,0.0,0.0,0.0,2.18,0.0,0.0
2018-10-22,0.0,0.0,0.0,-59.46,-296.04,0.0,0.0,-187.91,0.0
2018-10-23,143.8,-161.68,-247.94,-73.09,388.38,162.96,771.75,651.99,221.23
2018-10-24,0.0,-64.06,0.0,-50.4,0.0,0.0,0.0,0.0,0.0
2018-10-25,0.0,0.0,0.0,0.0,-265.56,0.0,-495.1,-342.03,0.0
2018-10-26,-476.75,-414.77,-475.55,-260.91,337.94,47.25,221.95,476.83,42.81
2018-10-29,0.0,5.6,0.0,-96.42,0.0,0.0,8.8,10.85,0.0
2018-10-30,0.0,-39.38,0.0,-69.67,0.0,0.0,106.92,176.91,0.0
2018-10-31,115.86,0.0,0.0,0.0,0.0,0.0,621.52,142.65,57.05
2018-11-01,21.56,-76.48,-60.08,-33.51,69.88,0.0,0.0,45.37,0.0
2018-11-06,0.0,5.95,0.0,23.19,33.36,0.0,62.04,47.9,0.0
2018-11-07,0.0,0.0,0.0,-60.69,-533.95,0.0,-718.62,-315.3,0.0
2018-11-08,0.0,10.34,0.0,-79.11,-1.66,0.0,21.99,34.55,0.0
2018-11-09,43.12,10.48,0.0,10.48,5.84,6.51,15.55,8.99,7.47
2018-11-12,303.57,0.0,0.0,0.0,47.52,0.0,20.06,29.39,0.0
2018-11-13,242.76,407.76,0.0,320.26,0.0,0.0,0.0,0.0,66.85
2018-11-14,53.0,281.46,343.75,335.41,0.0,0.0,0.0,0.0,0.0
2018-11-16,0.0,10.3,0.0,18.89,18.87,0.0,26.15,49.29,0.0
2018-11-19,0.0,0.0,0.0,-7.43,0.0,0.0,-36.17,-24.11,0.0
2018-11-20,0.0,-13.5,0.0,-10.36,16.9,0.0,12.27,153.63,0.0
2018-11-21,0.0,10.39,0.0,16.82,35.96,0.0,14.79,28.0,0.0
2018-11-23,0.0,-23.86,0.0,-23.75,-42.16,0.0,-134.01,-110.36,0.0
2018-11-26,0.0,-36.88,0.0,-36.88,0.0,0.0,0.0,0.0,0.0
2018-11-27,0.0,10.37,0.0,-31.3,129.26,0.0,902.61,437.82,0.0
2018-11-28,0.0,0.0,0.0,1.57,-414.94,0.0,-174.79,-251.27,0.0
2018-11-29,0.0,-2.12,0.0,-26.14,-104.67,0.0,0.0,0.0,0.0
2018-12-03,42.54,10.39,0.0,27.28,53.88,11.13,92.6,162.74,2.34
2018-12-04,156.3,0.0,0.0,0.0,0.0,0.0,0.0,0.0,8.55
2018-12-05,66.83,85.1,103.44,66.65,0.0,0.0,0.0,0.0,0.0
2018-12-06,-90.24,58.59,0.0,46.35,7.83,-248.85,23.59,41.87,-300.17
2018-12-07,-209.71,10.47,12.1,119.64,-150.48,-197.8,-74.21,-108.26,-28.94
2018-12-11,0.0,0.0,0.0,0.78,0.0,0.0,-1.73,0.0,0.0
2018-12-13,0.0,-4.78,0.0,-11.88,25.2,0.0,14.99,39.28,0.0
2018-12-14,0.0,0.0,0.0,0.0,0.0,0.0,418.48,446.87,0.0
2018-12-17,0.0,-2.66,0.0,-1.0,0.0,0.0,-141.66,-208.54,0.0
2018-12-18,0.0,-3.52,0.0,-6.86,-83.32,-232.11,-46.34,-36.12,-25.62
2018-12-19,147.65,-21.96,-40.24,-27.22,942.91,297.6,464.96,451.31,325.64
2018-12-20,-5.36,0.0,0.0,24.09,39.43,0.0,28.23,55.8,-64.28
2018-12-21,0.0,0.0,0.0,0.0,0.0,0.0,0.0,0.0,-63.49
2018-12-24,0.0,0.03,0.0,0.0,0.0,0.0,0.0,0.0,0.0
2018-12-26,95.36,40.4,24.25,30.27,351.99,0.0,419.67,403.25,-0.78
2018-12-27,0.0,-21.39,0.0,-39.13,-56.0,0.0,-120.41,-121.83,0.0
2018-12-28,0.0,30.56,0.0,99.79,117.74,0.0,86.53,79.56,0.0
2018-12-31,0.0,0.0,0.0,1.21,18.72,0.0,2.31,19.8,0.0
2019-01-04,0.0,10.93,0.0,10.93,0.0,0.0,0.0,0.0,0.0
2019-01-09,0.0,0.0,0.0,0.0,-38.76,0.0,-147.29,-6.7,0.0
2019-01-10,0.0,21.86,0.0,49.84,-76.24,-141.8,9.03,-26.56,0.0
2019-01-11,0.0,0.0,0.0,0.0,-332.06,-813.33,-204.24,-311.46,0.0
2019-01-14,0.0,-2.21,0.0,-2.21,0.0,0.0,0.0,0.0,0.0
2019-01-15,0.0,-12.74,0.0,-12.74,0.0,0.0,-95.65,-14.75,0.0
2019-01-16,0.0,0.0,0.0,-22.38,0.0,0.0,0.0,0.0,0.0
2019-01-17,0.0,0.0,0.0,-4.82,-20.24,0.0,-18.25,-32.47,0.0
2019-01-18,0.0,54.48,0.0,95.33,-304.92,0.0,-726.96,32.05,0.0
2019-01-21,0.0,0.0,0.0,0.0,0.0,0.0,14.93,0.0,0.0
2019-01-22,0.0,-57.94,0.0,-85.0,-109.46,0.0,-48.87,-68.57,45.65
2019-01-24,0.0,-99.24,-48.86,-111.15,-264.77,-173.0,-121.51,-119.99,-88.54
2019-01-25,111.23,213.95,0.0,241.35,173.46,-12.6,139.03,-161.14,39.01
2019-01-28,61.88,0.0,0.0,0.0,61.06,13.29,3.14,11.59,76.1
2019-01-29,197.54,173.28,0.0,146.51,212.46,319.18,86.46,123.59,7.54
2019-01-30,88.88,192.99,222.28,319.4,0.0,14.09,0.0,5.13,0.0
2019-01-31,0.0,0.0,0.0,162.71,0.0,0.0,0.0,0.0,-60.18
2019-02-01,272.34,781.23,970.49,625.91,0.0,0.0,0.0,0.0,0.0
2019-02-04,0.0,-39.11,0.0,-39.11,0.0,0.0,0.0,0.0,0.0
2019-02-06,0.0,30.57,0.0,39.39,0.0,0.0,-81.23,-60.59,0.0
2019-02-07,0.0,0.0,0.0,0.0,179.08,0.0,480.13,407.94,29.86
2019-02-11,0.0,0.0,0.0,0.0,0.0,0.0,-12.61,0.0,0.0
2019-02-12,0.0,0.0,0.0,0.0,0.0,0.0,-169.17,0.0,0.0
2019-02-13,0.0,38.59,0.0,76.31,50.94,0.0,63.72,89.06,-17.13
2019-02-14,-320.76,-287.28,-184.87,-303.6,-799.3,0.0,-172.46,-160.89,-179.55
2019-02-15,-130.03,11.11,0.0,-153.73,-10.08,0.0,-267.13,-607.38,0.0
2019-02-18,0.0,0.0,0.0,0.0,-25.35,-44.09,-20.97,-14.53,-1.22
2019-02-19,319.2,359.02,0.0,289.58,1564.91,2514.5,562.82,1112.49,9.29
2019-02-20,137.83,719.27,872.28,837.47,0.0,0.0,0.0,250.94,0.0
2019-02-21,-13.22,0.0,0.0,0.0,137.98,0.0,62.58,92.67,0.0
2019-02-27,40.91,30.32,0.0,33.66,98.44,0.0,180.78,146.48,0.0
2019-02-28,-25.59,-248.02,-186.15,-173.34,136.55,0.0,91.57,57.29,12.76
2019-03-01,432.76,0.0,0.0,197.9,219.89,366.01,403.9,143.28,191.07
2019-03-04,0.0,529.62,411.62,431.86,0.0,0.0,92.99,0.0,68.77
2019-03-05,0.0,0.0,0.0,2.97,13.36,0.0,13.41,16.33,0.0
2019-03-06,0.0,0.0,0.0,81.31,0.0,0.0,0.0,0.0,0.0
2019-03-07,0.0,-56.94,0.0,-73.36,0.0,0.0,0.0,0.0,0.0
2019-03-08,0.0,34.92,0.0,61.36,269.91,0.0,-552.89,-249.15,18.4
2019-03-12,0.0,29.6,0.0,27.69,20.91,0.0,14.78,22.55,0.0
2019-03-13,0.0,0.0,0.0,0.0,0.0,0.0,455.64,275.22,0.0
2019-03-14,0.0,-20.72,0.0,-17.49,0.0,0.0,0.0,0.0,37.28
2019-03-18,0.0,0.0,0.0,-101.23,0.0,0.0,0.0,0.0,0.0
2019-03-19,0.0,0.0,0.0,0.0,-140.63,0.0,-84.53,-133.72,-51.25
2019-03-20,42.58,-30.77,0.0,-46.8,-274.46,-71.06,-822.6,-207.62,-83.7
2019-03-21,55.65,-99.6,-103.72,-91.66,0.0,0.0,0.0,0.0,0.0
2019-03-25,0.0,37.88,0.0,59.12,32.21,0.0,38.38,25.82,0.0
2019-03-26,0.0,-71.96,0.0,-59.23,0.0,0.0,0.0,-84.94,-8.54
2019-03-27,0.0,16.26,0.0,26.72,19.37,0.0,127.67,170.16,0.0
2019-03-28,0.0,14.94,0.0,96.71,0.0,0.0,475.3,144.48,0.0
2019-03-29,0.0,0.0,0.0,48.09,45.35,0.0,19.17,28.75,65.58
2019-04-02,0.0,19.56,0.0,18.06,35.06,0.0,102.5,93.18,0.0
2019-04-04,0.0,-95.51,-50.9,-116.27,-137.15,-457.57,157.86,115.43,-421.98
2019-04-05,0.0,-73.53,0.0,-98.84,-957.39,-931.19,-608.2,-719.91,0.0
2019-04-08,0.0,145.68,0.0,135.73,426.68,0.0,821.32,622.89,43.06
2019-04-09,0.0,0.0,0.0,6.52,51.16,0.0,30.04,15.7,0.0
2019-04-10,0.0,0.0,0.0,1.52,17.28,0.0,5.88,11.87,0.0
2019-04-11,0.0,0.0,0.0,0.0,0.0,0.0,-47.78,0.0,0.0
2019-04-12,0.0,0.0,0.0,0.0,-7.32,0.0,-26.1,-7.7,0.0
2019-04-15,0.0,34.26,0.0,36.7,44.46,0.0,356.38,340.96,0.0
2019-04-16,124.59,0.0,0.0,17.86,115.55,176.6,216.21,205.59,314.72
2019-04-17,161.13,-16.72,0.0,-29.57,-40.04,0.0,-57.97,-41.22,40.7
2019-04-18,0.0,57.2,0.0,94.11,941.8,1255.21,792.72,696.6,0.0
2019-04-22,0.0,73.02,0.0,95.89,0.0,0.0,0.0,0.0,0.0
2019-04-23,0.0,103.62,0.0,189.6,549.27,0.0,1193.16,959.36,7.06
2019-04-24,0.0,573.17,688.79,457.35,0.0,0.0,0.0,0.0,0.0
2019-04-25,-54.59,71.72,0.0,83.59,81.65,0.0,114.42,89.3,-11.48
2019-04-26,102.14,-70.31,0.0,-59.42,18.7,0.0,0.0,0.0,0.0
2019-04-29,15.11,-63.52,-77.6,-51.48,0.0,0.0,5.95,8.96,0.0
2019-05-01,0.0,-52.32,0.0,-57.41,18.64,0.0,-549.19,-602.55,0.0
2019-05-02,-108.32,-82.23,0.0,-60.49,-50.95,-192.99,-23.06,-38.02,-306.84
2019-05-03,0.0,-80.9,-98.48,-108.98,-331.75,-438.42,-273.61,-332.37,-59.31
2019-05-07,0.0,0.0,0.0,-15.48,-37.8,0.0,-52.96,-52.46,0.0
2019-05-08,-29.72,-130.55,-92.08,-109.82,-0.73,0.0,289.29,-19.02,-3.32
2019-05-09,0.0,-196.35,-239.5,-153.65,0.0,0.0,0.0,0.0,0.0
2019-05-13,197.43,36.11,0.0,70.99,464.07,246.75,574.04,468.23,245.2
2019-05-14,345.63,104.39,127.04,120.27,0.0,0.0,0.0,0.0,62.78
2019-05-15,0.0,20.95,8.2,16.39,22.84,0.0,6.19,11.91,0.0
2019-05-16,0.0,36.54,0.0,50.39,28.73,0.0,511.36,255.56,0.0
2019-05-17,0.0,14.82,0.0,27.03,23.57,0.0,547.55,128.62,0.0
2019-05-20,0.0,0.0,0.0,0.0,0.0,0.0,86.74,0.0,43.58
2019-05-21,0.0,14.58,0.0,20.78,111.97,0.0,91.9,204.52,0.0
2019-05-23,0.0,71.88,0.0,55.47,173.74,0.0,152.39,174.47,0.0
2019-05-27,0.0,-6.6,0.0,-4.96,0.0,0.0,-4.69,-3.1,0.0
2019-05-28,0.0,-189.6,0.0,-434.15,-602.68,0.0,-816.07,-581.19,0.0
2019-05-30,0.0,54.25,0.0,63.55,169.2,0.0,-387.61,-606.6,-4.03
2019-05-31,457.5,401.25,256.03,311.85,0.0,0.0,279.26,134.91,166.51
2019-06-03,360.61,215.9,265.26,341.7,1171.58,614.24,443.94,648.64,250.77
2019-06-04,211.12,0.0,0.0,0.0,0.0,0.0,2.84,4.88,2.37
2019-06-05,412.76,2020.33,2477.39,1664.79,917.49,0.0,494.59,528.55,0.0
2019-06-07,-199.93,-64.85,-80.57,-53.06,-164.13,-262.2,-68.65,-97.88,0.0
2019-06-10,0.0,-146.25,-182.82,-121.88,-771.9,-1229.82,-306.16,-229.17,0.0
2019-06-13,0.0,0.0,0.0,-32.86,284.31,0.0,41.0,66.61,0.0
2019-06-14,349.66,43.97,-35.68,68.36,1809.98,1693.27,1298.29,1643.13,786.93
2019-06-19,53.62,33.88,0.0,68.19,294.26,0.0,388.48,627.2,78.12
2019-06-20,740.12,1301.03,1381.0,1211.33,324.48,0.26,204.0,139.64,123.87
2019-06-21,0.0,0.0,0.0,1.92,5.28,0.0,13.0,9.59,0.0
2019-06-24,0.0,14.46,0.0,65.46,182.42,0.0,416.7,316.32,0.0
2019-07-01,0.0,36.46,0.0,82.34,154.53,0.0,510.38,393.79,0.0
2019-07-03,158.64,36.13,0.0,90.82,-218.02,-390.83,364.31,210.92,28.38
2019-07-09,0.0,-183.43,0.0,-193.54,-464.66,0.0,-840.72,-1161.71,0.0
2019-07-10,0.0,0.0,0.0,-62.19,0.0,0.0,0.0,0.0,0.0
2019-07-11,0.0,14.57,0.0,22.64,0.0,0.0,19.06,-195.99,-24.78
2019-07-16,0.0,0.0,0.0,0.0,0.0,0.0,-2.18,0.0,0.0
2019-07-17,0.0,-1.09,0.0,11.97,-599.41,0.0,-201.92,-1599.51,0.0
2019-07-18,175.29,-24.06,106.05,-66.21,-113.28,1144.37,-401.73,-366.16,196.19
2019-07-19,268.8,191.49,198.2,253.76,263.88,778.78,104.01,150.64,167.9
2019-07-23,0.0,29.8,0.0,45.65,0.0,0.0,553.52,418.55,0.0
2019-07-24,0.0,0.0,0.0,0.0,0.0,0.0,-36.73,-26.73,0.0
2019-07-25,0.0,51.62,0.0,67.51,43.87,0.0,48.59,61.43,-37.04
2019-07-26,0.0,-64.25,0.0,-54.21,0.0,0.0,-48.35,-73.95,0.0
2019-07-29,0.0,14.72,0.0,-35.65,0.0,0.0,0.0,0.0,0.0
2019-07-30,0.0,0.0,0.0,0.0,-30.43,0.0,-43.49,-33.12,0.0
2019-07-31,-316.3,-606.54,-571.95,-811.12,-552.8,0.0,-1193.38,-990.36,-152.43
2019-08-01,195.37,-82.49,-13.62,-65.62,495.32,0.0,713.8,593.14,-143.36
2019-08-05,649.1,617.59,470.5,463.58,862.24,1594.93,440.54,638.11,323.35
2019-08-06,0.0,0.0,0.0,0.0,0.0,0.0,0.0,-9.99,0.0
2019-08-07,0.0,0.0,0.0,18.66,2.76,0.0,8.34,1.3,0.0
2019-08-08,0.0,0.0,0.0,0.0,-70.04,0.0,-38.17,-80.52,0.0
2019-08-12,71.32,49.63,0.0,101.65,269.7,123.02,576.17,466.47,227.88
2019-08-13,354.98,1061.03,1020.95,923.29,293.76,0.0,347.35,389.86,0.0
2019-08-22,0.0,-222.81,0.0,-323.53,-157.36,0.0,-422.65,-89.18,-38.54
2019-08-23,-76.15,4.98,-53.77,6.27,6.65,0.0,-305.22,-317.35,-34.13
2019-08-26,901.8,833.39,757.71,800.8,995.19,1243.61,917.85,862.61,639.73
2019-08-30,0.0,0.0,0.0,13.1,28.7,0.0,16.34,7.0,0.0
2019-09-03,0.0,14.58,0.0,15.5,-104.34,0.0,143.43,144.23,0.0
2019-09-04,39.29,-113.77,0.0,-203.3,-462.62,0.0,-474.14,-129.59,-82.83
2019-09-05,-681.01,-756.27,-768.44,-602.98,-1093.73,-1721.81,155.82,-202.5,-198.83
2019-09-09,0.0,14.38,0.0,13.23,162.23,0.0,215.1,372.56,0.0
2019-09-10,-2.63,-241.21,-216.58,-196.87,37.23,0.0,15.08,19.17,12.72
2019-09-11,0.88,0.0,0.0,0.0,0.0,0.0,0.0,0.0,0.0
2019-09-13,0.0,0.0,0.0,0.0,-14.13,0.0,0.0,0.0,0.0
2019-09-16,0.0,0.0,0.0,0.0,0.0,0.0,0.0,-68.57,-64.97
2019-09-18,-327.93,-585.2,-473.61,-382.78,-884.92,-460.29,-818.02,-449.96,-381.03
2019-09-19,-389.36,-192.3,-224.83,-144.25,0.0,0.0,-242.1,-342.61,-124.32
2019-09-20,0.0,-2.15,0.0,-248.95,20.15,0.0,196.08,31.73,0.0
2019-09-23,-52.96,0.0,0.0,17.75,30.25,0.0,24.65,13.86,0.0
2019-09-24,-200.24,-14.49,-65.12,42.01,-128.74,0.0,-39.66,-64.84,10.14
2019-09-25,0.0,-20.06,-25.49,-6.69,0.0,0.0,329.22,288.62,0.0
2019-09-30,248.1,406.1,0.0,338.82,848.18,1352.36,353.21,633.84,622.2
2019-10-01,501.89,941.61,1149.72,983.65,227.93,0.0,93.05,138.23,0.0
2019-10-07,0.0,0.0,0.0,-46.85,153.55,0.0,337.03,223.03,0.0
2019-10-11,-28.44,148.26,153.89,129.38,182.1,0.0,416.58,476.47,22.02
2019-10-15,0.0,0.0,0.0,2.1,0.0,0.0,0.0,0.0,0.0
2019-10-16,0.0,0.0,0.0,-105.25,-344.09,0.0,-139.5,-196.95,0.0
2019-10-21,0.0,14.18,0.0,11.33,0.0,0.0,0.0,0.0,0.0
2019-10-23,0.0,-45.4,0.0,-49.53,-77.74,0.0,-84.52,-63.92,0.0
2019-10-24,0.0,34.85,0.0,114.68,198.93,0.0,779.94,465.74,0.0
2019-10-25,-193.76,-509.47,-538.62,-304.45,11.59,0.0,-53.45,-72.86,-123.84
2019-10-28,0.0,0.0,0.0,-80.34,0.0,0.0,0.0,0.0,0.0
2019-10-29,0.0,14.28,0.0,24.59,0.0,0.0,21.19,18.45,0.0
2019-10-30,0.0,-188.7,0.0,-325.24,-94.78,0.0,-564.8,-267.42,-68.73
2019-11-05,-20.63,12.76,0.0,16.59,10.97,0.0,14.06,166.91,0.0
2019-11-06,0.0,-179.89,-67.04,-148.08,-123.57,0.0,-46.77,-68.12,-65.52
2019-11-07,332.18,825.54,444.57,753.95,356.86,372.03,799.4,396.5,344.96
2019-11-08,-176.4,-159.55,-288.35,34.56,-170.69,-287.68,-70.0,-94.65,-14.09
2019-11-11,86.18,33.85,0.0,56.39,642.28,1230.92,538.47,441.03,135.7
2019-11-12,242.52,27.93,31.68,38.07,383.38,0.0,158.31,220.73,0.0
2019-11-13,0.0,0.0,0.0,0.0,367.61,0.0,145.45,205.32,0.0
2019-11-18,0.0,0.0,0.0,-1.03,-49.95,0.0,-11.41,-78.5,0.0
2019-11-19,-30.7,-119.92,-51.13,-93.07,-134.73,0.0,-23.83,-104.23,0.0
2019-11-20,-198.15,-97.55,-111.41,-54.51,115.53,0.0,68.25,71.51,-13.42
2019-11-25,-55.36,33.29,0.0,50.36,190.17,0.0,56.23,129.78,-16.23
2019-11-26,5.45,-221.35,-182.95,-170.96,0.0,0.0,13.78,25.82,0.0
2019-11-29,-112.01,-9.21,0.0,-34.5,17.38,0.0,-46.62,-27.13,0.0
2019-12-02,0.0,0.0,0.0,0.0,0.0,0.0,-3.14,0.0,-25.77
2019-12-03,0.0,34.34,0.0,65.71,273.58,-51.87,250.19,449.88,-0.14
2019-12-04,-101.12,-369.89,-256.47,-254.9,27.52,0.0,10.44,17.34,-25.18
2019-12-06,-112.94,-116.55,0.0,-131.59,0.0,0.0,0.0,0.0,0.0
2019-12-09,0.0,-8.88,0.0,-6.93,-11.21,0.0,-48.44,-36.09,0.0
2019-12-10,0.0,-68.27,0.0,-54.66,0.0,0.0,0.0,0.0,0.0
2019-12-11,0.0,0.0,0.0,8.96,7.67,0.0,-373.44,-516.01,0.0
2019-12-12,-871.16,-779.15,-1010.54,-579.33,-327.93,-293.9,195.12,103.65,-382.13
2019-12-13,0.0,0.0,0.0,-105.16,0.0,0.0,0.0,0.0,0.0
2019-12-19,0.0,-7.23,0.0,4.94,0.0,0.0,10.8,7.47,0.0
2019-12-20,0.0,-56.14,0.0,-60.17,0.0,0.0,0.0,0.0,0.0
2019-12-23,0.0,93.6,0.0,220.05,71.58,-55.9,121.53,63.08,0.0
2019-12-24,285.08,0.0,0.0,0.0,1127.9,1998.05,1144.35,679.24,634.25
2019-12-26,0.0,429.13,259.87,325.71,513.6,834.31,200.54,296.51,157.64
2019-12-27,0.0,0.0,0.0,0.0,0.0,0.0,0.0,0.0,117.8
2019-12-31,826.63,0.0,0.0,301.32,23.87,40.51,9.71,14.23,349.11
2020-01-02,69.28,98.94,0.0,156.09,474.69,0.0,509.63,799.05,188.17
2020-01-03,294.8,195.8,227.96,146.76,0.0,0.0,0.0,0.0,17.27
2020-01-06,1450.41,3441.82,4195.6,2770.0,1107.77,1380.16,331.27,668.43,401.04
2020-01-08,0.0,261.54,0.0,363.65,78.63,0.0,235.2,364.2,80.39
2020-01-14,-84.23,-151.17,-59.16,-100.13,47.07,0.0,158.43,155.91,-16.63
2020-01-15,-152.36,-151.55,-192.88,-124.24,-139.33,0.0,0.0,-81.14,0.0
2020-01-17,0.0,14.85,0.0,-57.66,4.62,0.0,42.9,23.11,0.0
2020-01-20,0.0,-12.15,0.0,-8.51,0.0,0.0,-38.29,-8.38,0.0
2020-01-21,0.0,66.25,0.0,99.97,31.48,0.0,336.24,476.68,-5.36
2020-01-23,0.0,0.0,0.0,0.0,-7.08,0.0,-21.0,-33.18,0.0
2020-01-24,44.17,21.79,-18.73,125.78,422.14,108.96,247.45,402.4,118.33
2020-01-27,319.32,274.02,90.12,315.13,0.0,0.0,0.0,0.0,73.51
2020-01-31,-17.41,-34.82,-17.53,-78.22,-108.28,-205.17,-49.46,-79.04,-29.9
2020-02-03,-388.68,-207.48,-261.42,-254.26,-157.82,0.0,-107.32,-129.91,-39.97
2020-02-04,291.78,-5.75,0.0,35.45,121.79,0.0,756.59,449.43,0.0
2020-02-05,90.94,147.54,177.99,189.21,50.78,0.0,-161.38,31.06,62.46
2020-02-11,0.0,0.0,0.0,0.0,0.0,0.0,-21.68,-35.53,0.0
2020-02-12,0.0,-69.15,0.0,-48.34,0.0,0.0,-8.19,-9.96,0.0
2020-02-13,-38.86,-80.2,-47.53,-54.47,16.3,0.0,-650.32,-352.48,0.0
2020-02-14,-31.04,0.0,0.0,32.79,36.32,0.0,211.31,212.95,0.0
2020-02-17,0.0,0.0,0.0,0.0,21.74,0.0,8.57,13.39,0.0
2020-02-18,267.96,368.82,253.46,304.64,607.55,665.73,296.42,230.63,894.64
2020-02-19,151.52,-72.18,0.0,-59.65,-4.07,-27.54,-29.36,-43.88,-139.33
2020-02-20,-2.97,-93.04,0.0,87.33,1342.54,2296.61,500.27,812.93,109.04
2020-02-21,1093.73,199.69,235.19,334.91,821.22,0.0,0.0,0.0,0.0
2020-02-24,0.0,2097.82,2604.25,1736.11,0.0,0.0,0.0,0.0,0.0
2020-02-28,0.0,-60.11,0.0,120.51,-123.21,0.0,-20.4,-42.13,0.0
2020-03-05,0.0,29.63,0.0,40.74,-88.26,0.0,-162.31,-124.63,0.0
2020-03-06,-19.28,-215.67,-244.74,-139.02,-222.82,-405.54,-148.97,-165.91,-160.8
2020-03-10,0.0,-4.94,0.0,-3.89,0.0,0.0,0.0,0.0,0.0
2020-03-11,0.0,0.0,0.0,-65.96,49.35,0.0,-627.82,-346.52,0.0
2020-03-12,-559.12,-537.15,-412.12,-762.8,-261.85,-196.74,-218.23,-153.32,-223.57
2020-03-13,457.8,436.23,278.26,359.27,0.0,0.0,0.0,0.0,160.08
2020-03-16,-352.22,-83.33,-106.05,-68.18,0.0,0.0,0.0,0.0,-72.28
2020-03-23,0.0,83.05,0.0,186.99,485.6,0.0,804.18,505.5,-6.48
2020-03-26,0.0,-99.14,0.0,-156.28,-475.31,0.0,-465.64,-377.27,0.0
2020-03-31,0.0,-2.48,0.0,-1.44,154.28,0.0,155.97,337.1,0.0
2020-04-06,447.4,165.79,198.15,284.69,-42.04,-136.35,123.3,-26.86,284.79
2020-04-09,0.0,4.11,0.0,7.7,50.81,0.0,351.39,353.44,-0.42
2020-04-13,460.57,441.34,0.0,331.06,300.08,974.5,269.1,267.22,384.46
2020-04-14,445.5,460.3,569.76,370.46,0.0,0.0,0.0,0.0,105.35
2020-04-16,0.0,-117.91,0.0,-138.68,-61.7,0.0,-370.33,-197.27,0.0
2020-04-17,0.0,36.58,0.0,51.07,73.37,0.0,245.55,276.81,0.0
2020-04-21,0.0,-66.38,0.0,-105.41,1.73,0.0,-26.34,257.89,0.0
2020-04-22,0.0,14.53,0.0,12.24,60.61,0.0,89.29,125.01,0.0
2020-04-23,0.0,-16.43,0.0,-53.6,-13.37,0.0,-643.27,-362.58,0.0
2020-04-24,0.0,0.0,0.0,0.0,0.0,0.0,0.0,0.0,-72.15
2020-04-27,0.0,0.0,0.0,26.86,32.53,0.0,28.38,17.04,0.0
2020-04-30,0.0,-2.99,0.0,1.09,352.23,0.0,434.05,763.25,0.0
2020-05-01,0.0,234.98,0.0,218.29,0.0,0.0,0.0,0.0,41.81
2020-05-06,0.0,14.55,0.0,19.35,15.37,0.0,31.26,36.96,0.0
2020-05-07,0.0,-28.51,0.0,-108.65,314.81,0.0,725.72,450.2,0.0
2020-05-08,-25.05,-4.72,-5.66,2.53,-144.68,0.0,-72.59,-91.84,24.49
2020-05-13,0.0,0.0,0.0,9.85,45.58,0.0,15.71,9.25,0.0
2020-05-14,121.24,35.94,0.0,54.91,388.91,248.32,545.86,455.18,28.94
2020-05-15,502.79,435.25,415.59,333.36,-110.07,-173.27,-71.02,-112.92,137.13
2020-05-18,93.27,241.0,294.5,357.28,1207.11,787.85,426.12,530.5,453.1
2020-05-21,0.0,15.25,0.0,28.34,204.25,0.0,771.02,440.69,0.0
2020-05-22,0.0,0.0,0.0,0.0,0.0,0.0,0.0,0.0,-9.66
2020-05-26,-10.83,-46.3,-57.27,-37.88,13.82,0.0,-74.69,-58.55,0.0
2020-05-27,333.46,228.55,297.12,182.81,0.0,0.0,0.0,0.0,354.75
2020-05-29,0.0,14.71,0.0,19.69,21.8,0.0,9.71,11.01,0.0
2020-06-02,0.0,-74.09,0.0,-369.38,-802.83,0.0,-747.35,-1045.49,0.0
2020-06-03,-56.97,-12.26,-73.14,-9.51,7.82,17.51,83.12,129.16,-18.69
2020-06-04,-402.01,-329.77,-241.52,-343.6,-119.92,0.0,-48.2,-69.39,-33.87
2020-06-05,120.91,-15.06,0.0,-11.3,0.0,0.0,0.0,0.0,0.0
2020-06-09,0.0,0.0,0.0,0.0,0.0,0.0,-8.59,0.0,0.0
2020-06-10,0.0,14.62,0.0,33.66,0.0,0.0,-0.78,1.07,0.0
2020-06-11,0.0,-26.51,0.0,-45.69,-57.91,-214.38,-485.12,-102.22,-242.68
2020-06-12,0.0,0.0,0.0,-39.19,0.0,0.0,0.0,0.0,0.0
2020-06-15,0.0,14.89,0.0,21.29,0.0,0.0,30.35,28.72,0.0
2020-06-18,0.0,14.7,0.0,21.25,0.0,0.0,70.03,90.19,0.0
2020-06-19,0.0,-45.77,-41.17,-60.98,-52.12,0.0,36.09,-92.44,0.0
2020-06-22,91.29,20.48,-5.01,69.81,-96.28,-196.29,-40.08,3.19,85.18
2020-06-23,-160.4,-20.3,-24.88,-5.54,59.56,43.61,7.6,30.08,-6.49
2020-06-24,0.0,3.75,-8.48,3.21,264.72,801.18,97.87,139.33,17.74
2020-06-26,0.0,37.3,0.0,48.4,52.91,0.0,150.06,196.16,0.0
2020-06-30,43.24,12.62,0.0,30.82,65.77,-33.15,683.83,267.26,32.85
2020-07-01,126.75,-257.82,-263.88,-190.95,68.86,86.27,59.07,74.95,20.51
2020-07-06,0.0,25.21,0.0,66.33,0.0,0.0,0.0,0.0,0.0
2020-07-07,66.63,37.54,0.0,82.64,168.96,-24.59,330.88,306.83,0.0
2020-07-08,587.75,436.62,269.31,353.14,1650.4,2939.54,585.95,1072.47,511.93
2020-07-09,0.0,594.52,726.64,549.77,0.0,0.0,0.0,102.16,44.97
2020-07-10,0.0,0.0,0.0,6.48,43.46,0.0,10.84,10.27,0.0
2020-07-13,0.0,0.0,0.0,0.0,0.0,0.0,-294.58,-590.73,0.0
2020-07-14,-16.0,13.72,0.0,17.61,19.78,0.0,44.46,34.03,0.0
2020-07-15,0.0,-5.36,0.0,-59.69,7.42,0.0,-2.97,16.3,0.0
2020-07-16,0.0,0.0,0.0,0.0,0.0,0.0,-818.29,-968.84,0.0
2020-07-20,-96.86,9.23,-15.38,64.89,87.89,-3.91,27.29,25.83,-7.32
2020-07-21,318.28,443.88,272.44,339.79,1195.27,1922.98,453.41,299.56,380.42
2020-07-22,901.0,899.47,1098.55,899.87,0.0,0.0,375.65,486.15,152.36
2020-07-23,0.0,0.0,0.0,0.0,0.0,0.0,0.0,0.0,180.12
2020-07-24,0.0,0.0,0.0,53.96,160.55,0.0,162.46,187.64,0.0
2020-07-29,0.0,-85.65,0.0,-222.13,-527.59,0.0,-842.7,-505.63,0.0
2020-07-31,-459.88,-574.28,-548.25,-541.5,-305.21,-228.01,-534.48,-317.27,-357.65
2020-08-03,-95.46,0.0,0.0,0.0,0.0,0.0,0.0,0.0,0.0
2020-08-04,0.0,237.41,0.0,197.93,21.87,0.0,134.68,257.89,0.0
2020-08-05,0.0,0.0,0.0,122.61,369.18,0.0,147.43,189.46,0.0
2020-08-06,0.0,0.0,0.0,9.3,329.28,0.0,67.85,98.91,0.0
2020-08-11,0.0,-31.38,0.0,-84.56,57.74,0.0,-591.95,320.38,72.7
2020-08-17,0.0,14.92,0.0,20.19,187.99,0.0,243.77,248.61,0.0
2020-08-18,0.0,0.0,0.0,183.01,364.68,0.0,123.17,237.17,179.01
2020-08-19,0.0,37.4,0.0,54.33,67.92,0.0,45.05,38.17,0.0
2020-08-21,0.0,48.11,0.0,88.1,203.8,0.0,417.07,456.01,0.0
2020-08-24,0.0,14.92,0.0,24.83,0.0,0.0,22.95,9.2,0.0
2020-08-26,-19.52,-154.09,-186.7,-108.62,22.36,0.0,308.02,256.67,21.44
2020-08-27,163.28,18.65,-21.37,77.25,196.29,0.0,605.01,435.06,8.33
2020-08-31,0.0,-50.08,0.0,-113.45,-581.64,0.0,-559.92,-624.33,0.0
2020-09-01,350.31,86.31,32.46,127.93,210.89,0.0,619.96,627.41,116.31
2020-09-08,0.0,-39.33,0.0,-14.19,191.49,0.0,205.03,147.65,-61.34
2020-09-09,0.0,-5.16,0.0,-3.04,21.12,0.0,24.86,37.09,0.0
2020-09-15,-432.11,-96.44,-141.43,-68.7,-101.99,0.0,22.09,-63.72,-54.67
2020-09-16,0.0,-11.03,0.0,-9.46,-334.13,0.0,-430.56,-612.0,0.0
2020-09-17,-248.16,-23.84,-74.59,-34.5,-227.75,0.0,-177.22,-127.22,-110.99
2020-09-18,0.0,-148.45,-181.45,-257.83,0.0,0.0,0.0,0.0,0.0
2020-09-21,627.69,628.35,217.65,747.14,794.56,431.98,540.36,582.56,220.13
2020-09-23,-59.17,-38.6,0.0,3.86,381.06,0.0,1125.65,561.15,6.07
2020-09-24,-5.98,-50.83,-62.17,-45.21,0.0,0.0,0.0,0.0,13.94
2020-09-28,0.0,-150.46,0.0,-307.63,-514.61,0.0,-1176.33,-732.69,-55.46
2020-09-29,0.0,0.0,0.0,0.0,0.0,0.0,60.74,0.0,0.0
2020-10-05,0.0,9.28,0.0,23.92,22.62,0.0,11.81,14.24,0.0
2020-10-06,0.0,14.6,0.0,-1.61,104.53,0.0,285.49,479.53,0.0
2020-10-07,0.0,0.0,0.0,0.0,50.29,0.0,20.04,30.17,0.0
2020-10-09,-156.37,28.77,0.0,42.65,75.46,146.72,109.47,154.18,14.16
2020-10-12,0.0,-65.37,-87.23,-53.56,0.0,0.0,0.0,0.0,0.57
2020-10-14,0.0,-77.88,0.0,-58.41,0.0,0.0,0.0,0.0,0.0
2020-10-16,0.0,-11.68,0.0,-8.76,0.0,0.0,0.0,0.0,0.0
2020-10-19,0.0,0.0,0.0,15.76,65.99,0.0,31.32,36.4,0.0
2020-10-20,0.0,0.0,0.0,10.2,23.53,0.0,9.99,20.69,0.0
2020-10-21,0.0,14.6,0.0,21.31,23.01,0.0,40.75,46.85,-29.93
2020-10-22,0.0,-186.68,0.0,-171.57,-140.48,0.0,-131.77,-95.84,-139.32
2020-10-23,-58.11,-111.79,-55.59,-335.13,-852.29,0.0,-1598.57,-1600.0,-44.75
2020-10-26,-131.58,0.0,0.0,0.0,32.17,0.0,49.55,36.94,-34.48
2020-10-27,0.0,0.0,0.0,-147.33,0.0,0.0,0.0,0.0,0.0
2020-10-28,29.81,56.73,-173.85,105.08,379.81,0.0,1026.11,946.76,0.01
2020-10-29,0.0,100.82,123.23,105.78,328.4,0.0,170.32,224.72,-7.78
2020-11-03,0.0,0.0,0.0,0.0,0.0,0.0,-6.77,-5.15,0.0
2020-11-04,0.0,14.41,0.0,27.76,47.55,0.0,128.08,133.53,-28.34
2020-11-05,335.05,437.47,0.0,379.49,247.48,374.38,112.4,152.9,164.1
2020-11-06,118.27,177.29,209.87,288.86,87.2,0.0,32.87,54.02,106.52
2020-11-09,-119.06,-266.71,-202.73,-180.4,72.57,-496.64,216.3,79.67,-24.3
2020-11-13,0.0,0.0,0.0,19.48,173.27,0.0,68.58,101.46,0.0
2020-11-18,0.0,-52.44,0.0,-131.06,-482.09,0.0,-824.85,-913.25,0.0
2020-11-19,0.0,-19.84,0.0,-10.4,0.0,0.0,-19.52,-7.79,-18.79
2020-11-23,467.62,265.59,0.0,268.76,1172.75,2256.67,1075.27,759.38,430.33
2020-11-24,975.2,483.07,296.56,750.23,0.0,0.0,0.0,0.0,233.76
2020-11-25,0.0,1595.14,1966.11,1298.39,0.0,0.0,0.0,0.0,0.0
2020-11-26,0.0,0.0,0.0,0.0,1181.86,0.0,445.05,654.89,0.0
2020-11-27,741.04,1051.08,964.85,965.36,434.33,122.67,562.78,478.18,488.98
2020-11-30,0.0,0.0,0.0,0.0,355.81,0.0,142.65,184.8,0.0
2020-12-01,0.0,0.0,0.0,0.0,-65.4,0.0,-82.49,-60.59,0.0
2020-12-02,0.0,67.2,0.0,152.88,179.94,0.0,668.75,501.76,3.31
2020-12-07,0.0,-54.2,0.0,12.43,184.1,0.0,422.29,99.44,0.0
2020-12-11,0.0,-54.27,0.0,-80.02,-687.81,0.0,-849.77,-858.92,0.0
2020-12-14,-343.56,-64.29,-95.68,-44.4,-476.43,0.0,-488.11,-63.57,-28.7
2020-12-15,0.0,-144.32,-194.4,-274.2,0.0,0.0,0.0,0.0,0.0
2020-12-17,466.09,379.9,164.01,336.41,122.75,150.45,232.32,113.96,28.21
2020-12-18,0.0,59.04,76.8,47.21,0.0,0.0,0.0,0.0,21.86
2020-12-21,-173.29,-138.52,-84.54,-106.04,17.41,0.0,49.7,19.98,14.85
2020-12-31,0.0,-309.32,0.0,-352.75,-244.55,0.0,-811.98,-303.73,0.0
2021-01-04,845.54,1669.03,1696.51,2103.5,859.46,2085.05,677.4,691.98,568.8
2021-01-05,957.31,0.0,0.0,0.0,0.0,0.0,0.0,0.0,718.18
2021-01-06,0.0,0.0,0.0,0.0,0.0,0.0,144.82,224.79,0.0
2021-01-08,182.45,327.15,245.23,433.36,302.69,0.0,617.92,359.17,0.0
2021-01-11,-539.73,-539.92,-569.78,-444.83,-140.1,-221.85,-50.31,-84.3,-241.27
2021-01-14,0.0,14.09,0.0,10.54,0.0,0.0,0.0,0.0,0.0
2021-01-15,0.0,47.25,0.0,91.15,49.62,0.0,91.45,338.61,0.0
2021-01-18,-717.96,-465.09,-490.22,-368.18,-400.05,-1247.46,-98.32,-414.01,-2.65
2021-01-20,0.0,-305.88,0.0,-369.69,0.0,0.0,185.65,207.22,0.0
2021-01-21,0.0,0.0,0.0,0.0,0.0,0.0,0.0,0.0,6.92
2021-01-27,0.0,-33.5,0.0,-173.52,9.5,0.0,-435.94,-251.02,-56.01
2021-01-29,0.0,-364.68,-261.57,-453.3,-378.18,-274.04,-602.57,-121.23,-331.44
2021-02-02,-225.97,-152.5,-64.04,-78.78,-49.64,0.0,-60.29,-95.52,0.0
2021-02-03,0.0,0.0,0.0,-28.48,-192.62,0.0,-131.38,-198.73,-36.95
2021-02-04,445.43,324.86,331.92,736.09,1337.18,1850.62,1483.37,1060.74,664.45
2021-02-05,154.19,464.46,471.58,413.95,83.34,0.0,20.84,45.63,35.09
2021-02-10,0.0,34.41,0.0,47.1,180.39,0.0,394.1,257.49,0.0
2021-02-16,0.0,259.99,0.0,292.43,279.94,0.0,246.2,276.79,42.34
2021-02-17,92.74,-116.66,-50.27,-96.21,805.03,1357.02,421.04,669.52,117.36
2021-02-18,0.0,17.98,21.22,61.46,0.0,0.0,3.89,0.0,27.6
2021-02-19,-829.64,-496.26,-595.22,-386.24,-503.73,-828.72,-188.38,-466.08,-167.62
2021-02-25,0.0,0.0,0.0,4.8,10.57,0.0,6.68,11.72,0.0
2021-02-26,634.32,-242.07,-139.62,415.84,202.55,1040.04,165.35,667.1,-27.75
2021-03-02,0.0,37.48,0.0,41.41,42.04,0.0,30.81,39.42,0.0
2021-03-03,-249.48,-183.46,-259.94,-122.92,42.45,0.0,182.41,410.28,0.0
2021-03-04,0.0,14.98,0.0,16.42,9.13,0.0,15.09,44.04,0.0
2021-03-08,0.0,0.0,0.0,8.86,7.95,0.0,7.58,27.9,0.0
2021-03-09,0.0,14.62,0.0,13.12,17.55,0.0,280.05,105.84,0.0
2021-03-10,0.0,0.0,0.0,17.95,21.0,0.0,12.62,7.11,0.0
2021-03-11,0.0,0.0,0.0,0.0,0.0,0.0,-167.65,0.0,0.0
2021-03-16,-90.18,-127.47,-77.97,-109.46,-135.0,0.0,-88.12,-86.59,0.0
2021-03-17,123.22,14.54,0.0,-45.53,-427.89,0.0,-112.88,-637.36,-122.63
2021-03-18,0.0,-7.04,-8.76,10.25,24.75,0.0,14.94,34.83,0.0
2021-03-23,0.0,-3.84,0.0,0.17,-41.57,0.0,-58.03,-8.59,0.0
2021-03-25,0.0,29.6,0.0,19.86,-288.36,0.0,-630.2,-283.9,0.0
2021-03-26,0.0,1.19,0.0,0.8,0.0,0.0,0.0,0.0,0.0
2021-03-29,166.84,54.4,0.0,183.11,104.97,0.0,611.88,276.62,0.0
2021-03-30,737.41,451.59,299.55,805.84,0.0,0.0,0.0,0.0,0.0
2021-03-31,0.0,570.07,689.78,534.43,-137.61,-2592.33,-366.76,-154.88,-117.89
2021-04-06,0.0,14.89,0.0,9.96,0.0,0.0,-52.05,0.0,0.0
2021-04-07,0.0,-85.29,0.0,-128.89,-173.3,0.0,-374.0,-101.83,0.0
2021-04-08,75.03,5.1,0.0,20.05,-17.35,3.11,-118.29,-53.84,0.0
2021-04-09,-564.68,-210.91,-16.65,-159.09,-172.25,0.0,-81.59,-389.27,-115.95
2021-04-12,0.0,-23.45,0.0,-47.63,-24.42,0.0,28.38,-19.57,0.0
2021-04-15,265.17,16.54,0.0,77.72,931.93,1924.38,1150.52,904.38,124.99
2021-04-16,190.38,452.94,286.54,389.84,540.66,0.0,14.64,20.81,299.43
2021-04-19,0.0,832.5,1005.91,790.58,0.0,0.0,0.0,0.0,0.0
2021-04-21,0.0,37.66,0.0,82.75,217.26,0.0,702.7,294.19,0.0
2021-04-22,0.0,-92.99,0.0,-85.16,0.0,0.0,0.0,0.0,-14.57
2021-04-23,0.0,0.0,0.0,33.82,180.84,0.0,158.74,108.62,0.0
2021-04-26,0.0,0.0,0.0,3.18,12.36,0.0,0.78,12.66,0.0
2021-04-27,0.0,0.0,0.0,0.0,-337.19,0.0,-120.53,-192.23,0.0
2021-04-28,0.0,-57.32,0.0,-62.76,-565.95,0.0,-958.69,-778.85,-68.26
2021-04-29,0.0,13.52,0.0,-144.48,255.0,0.0,179.58,270.89,0.0
2021-05-03,0.0,-8.96,0.0,8.39,58.63,-213.87,70.68,139.72,0.0
2021-05-04,-202.4,-305.26,-265.92,-288.02,-633.77,-959.57,-965.24,-1228.5,-463.45
2021-05-06,0.0,33.69,0.0,76.96,188.06,0.0,492.07,370.81,0.0
2021-05-07,291.49,242.7,34.86,305.94,350.57,0.0,145.51,201.72,102.58
2021-05-10,0.0,0.0,0.0,-20.64,-27.02,0.0,-83.08,-41.0,0.0
2021-05-12,0.0,-18.11,0.0,-6.26,-18.94,0.0,3.35,124.25,0.0
2021-05-13,0.0,0.0,0.0,0.0,190.9,0.0,136.68,27.85,0.0
2021-05-14,0.0,-49.72,0.0,-46.89,-65.53,-70.23,-101.66,-65.79,0.0
2021-05-17,214.06,0.0,0.0,0.0,213.09,95.76,455.32,339.53,310.67
2021-05-18,123.09,232.59,302.27,186.02,0.0,0.0,0.0,0.0,200.27
2021-05-19,488.96,-3.55,-4.62,40.77,-64.13,0.0,-170.16,-98.88,81.21
2021-05-21,0.0,-18.28,0.0,-134.23,-740.62,0.0,-707.34,-753.64,0.0
2021-05-25,92.79,35.29,0.0,114.44,422.22,90.78,209.5,445.61,53.0
2021-05-26,694.4,670.7,535.25,540.81,928.44,1780.86,352.17,310.99,112.79
2021-06-01,-368.82,-516.79,-558.3,-473.01,-366.59,-548.93,-155.67,-251.68,-79.3
2021-06-03,322.27,21.01,0.0,31.39,-13.12,0.0,188.77,211.93,0.0
2021-06-04,277.58,433.28,523.46,410.07,221.42,0.0,55.16,133.82,99.82
2021-06-07,0.0,31.49,0.0,118.21,0.0,0.0,-12.93,-6.5,0.0
2021-06-08,0.0,0.0,0.0,0.0,0.0,0.0,306.86,469.51,0.0
2021-06-10,0.0,-34.94,0.0,-54.63,0.0,0.0,277.53,357.8,0.0
2021-06-11,0.0,-21.12,0.0,-28.18,-397.0,0.0,-728.82,-347.88,0.0
2021-06-14,-64.66,11.18,-62.05,-164.53,531.82,488.58,363.93,463.99,126.86
2021-06-16,0.0,32.37,0.0,71.8,27.62,0.0,20.68,68.04,191.16
2021-06-17,-351.84,199.41,310.43,300.16,0.0,0.0,133.07,217.08,122.84
2021-06-18,0.0,34.2,0.0,62.01,344.4,0.0,90.55,228.92,0.0
2021-06-21,0.0,0.0,0.0,0.0,0.0,0.0,33.35,0.0,0.0
2021-06-23,0.0,33.5,0.0,41.5,106.48,0.0,101.27,62.4,0.0
2021-06-24,0.0,-58.31,0.0,-137.28,0.0,0.0,-702.62,-227.68,0.0
2021-06-25,0.0,0.0,0.0,0.0,0.0,0.0,-565.65,-892.97,0.0
2021-06-28,0.0,30.44,0.0,25.48,45.81,0.0,20.16,36.61,-37.08
2021-06-29,229.86,-199.83,-257.91,-132.19,248.42,345.19,600.61,800.85,126.94
2021-06-30,0.0,-107.69,0.0,-80.91,0.0,0.0,0.0,0.0,0.0
2021-07-06,0.0,15.34,0.0,14.95,23.63,0.0,628.97,493.2,0.0
2021-07-08,0.0,-130.22,0.0,-219.51,-138.93,0.0,-30.23,-59.38,-30.33
2021-07-12,0.0,13.8,0.0,24.39,20.3,0.0,29.97,51.99,-28.38
2021-07-13,0.0,13.66,0.0,21.9,0.0,-45.9,12.68,29.15,-167.06
2021-07-14,235.3,7.38,0.0,148.34,658.17,282.96,1174.14,632.66,210.68
2021-07-15,243.18,101.06,121.79,110.59,0.0,0.0,0.0,0.0,0.0
2021-07-16,0.0,-3.77,0.0,-2.91,0.0,0.0,0.0,0.0,0.0
2021-07-21,0.0,-102.09,0.0,-119.21,-134.1,0.0,-369.43,-241.03,0.0
2021-07-22,0.0,0.0,0.0,-14.96,0.0,0.0,-462.54,0.0,-74.7
2021-07-23,-221.57,-97.69,-91.54,-92.2,-38.9,0.0,-154.61,-125.22,0.0
2021-07-26,0.0,-166.4,-197.14,-128.85,22.26,0.0,11.03,13.85,-58.69
2021-07-28,0.0,-78.22,0.0,-99.64,-143.12,0.0,-494.53,-334.16,-65.28
2021-07-29,594.19,276.36,0.0,260.89,170.38,0.0,438.63,273.33,0.0
2021-07-30,0.0,217.56,261.24,230.07,102.16,0.0,43.73,66.84,-4.04
2021-08-03,0.0,0.0,0.0,0.0,0.0,0.0,-11.65,0.0,0.0
2021-08-04,0.0,41.64,0.0,-149.49,-617.72,0.0,-735.29,-730.61,-72.14
2021-08-05,47.47,-45.02,0.0,76.58,531.86,0.0,1334.77,1088.23,-0.44
2021-08-06,159.21,260.36,312.57,217.13,0.0,0.0,0.0,0.0,0.0
2021-08-09,1623.9,1841.57,1931.19,1494.42,907.37,1480.68,430.4,536.95,231.52
2021-08-13,0.0,0.0,0.0,13.84,22.76,0.0,12.14,12.66,0.0
2021-08-18,0.0,0.0,0.0,51.72,0.0,0.0,0.0,0.0,0.0
2021-08-23,66.7,35.16,0.0,50.17,389.26,0.0,873.23,1040.36,93.67
2021-08-24,82.68,0.0,0.0,2.68,42.6,0.0,-36.09,-1.8,0.0
2021-08-25,0.0,-17.11,-21.23,11.69,0.0,0.0,0.0,0.0,0.0
2021-08-26,0.0,0.0,0.0,0.68,29.22,0.0,12.75,13.17,0.0
2021-08-27,124.68,100.91,0.0,189.19,555.99,0.0,1082.88,807.3,82.14
2021-08-30,131.93,-1.47,-8.91,9.81,254.91,331.64,196.44,311.44,280.55
2021-09-01,0.0,-4.68,0.0,-2.59,0.0,0.0,3.06,0.0,0.0
2021-09-02,0.0,0.0,0.0,0.0,0.0,0.0,-337.73,0.0,0.0
2021-09-03,-3.72,0.0,0.0,0.0,0.0,0.0,-332.09,-256.14,0.0
2021-09-06,-146.54,-89.1,0.0,-66.86,-214.09,-346.62,-75.02,-124.39,-56.93
2021-09-07,-188.45,-208.62,-287.06,-138.5,179.94,0.0,489.93,469.68,0.0
2021-09-08,0.0,0.0,0.0,31.34,350.02,0.0,230.24,102.08,25.86
2021-09-13,0.0,-30.52,0.0,-22.89,0.0,0.0,0.0,0.0,-71.88
2021-09-14,-281.58,-465.19,-382.66,-523.48,-593.77,-224.1,-1437.65,-1149.91,-228.95
2021-09-15,0.0,0.0,0.0,0.0,-165.62,0.0,-66.49,0.0,-20.09
2021-09-16,616.96,795.42,301.92,598.75,90.12,0.0,1024.67,643.81,171.62
2021-09-17,0.0,395.83,478.69,558.7,325.97,0.0,125.78,381.48,0.0
2021-09-20,0.0,15.07,0.0,14.77,23.71,0.0,-412.22,-433.2,0.0
2021-09-22,0.0,-53.34,0.0,-72.53,187.43,0.0,146.84,248.95,0.0
2021-09-23,-1.55,-1.04,0.0,1.42,19.65,0.0,35.18,63.7,0.0
2021-09-24,-553.59,-604.86,-569.17,-497.69,-132.16,32.66,-39.33,-85.08,-25.44
2021-09-27,0.0,-174.53,-222.1,-282.67,0.0,0.0,0.0,0.0,0.0
2021-09-28,-308.93,-172.09,-239.7,-135.31,136.34,105.26,62.77,181.26,46.25
2021-09-29,0.0,-28.83,-55.96,-20.29,17.51,0.0,22.47,29.1,0.0
2021-09-30,0.0,32.79,0.0,72.93,25.57,0.0,607.81,448.87,-28.98
2021-10-01,0.0,0.0,0.0,-40.01,-239.02,0.0,-141.9,-73.71,0.0
2021-10-05,0.0,0.0,0.0,0.0,-35.81,0.0,-43.18,-37.51,0.0
2021-10-06,0.0,30.5,0.0,31.4,25.72,0.0,13.23,-242.88,0.0
2021-10-11,0.0,-2.94,0.0,-1.55,0.0,0.0,0.0,0.0,0.0
2021-10-13,377.93,-3.11,0.0,25.34,171.19,432.71,665.51,436.88,151.68
2021-10-14,47.16,99.01,125.06,83.35,16.61,0.0,6.34,8.75,48.84
2021-10-15,0.0,59.97,42.54,80.69,61.11,0.0,21.62,29.22,0.0
2021-10-20,0.0,0.0,0.0,43.46,-84.15,0.0,1.72,2.64,0.0
2021-10-22,229.48,16.08,-25.6,177.03,1043.05,765.32,1398.81,974.89,413.12
2021-10-29,151.92,-89.97,0.0,-61.91,-330.24,0.0,-243.03,-178.92,13.72
2021-11-01,0.0,-77.82,-93.2,-64.56,0.0,0.0,0.0,0.0,0.0
2021-11-03,98.93,-63.36,-50.41,-20.54,248.16,0.0,450.47,679.97,122.34
2021-11-04,0.0,27.14,0.0,-144.97,10.65,0.0,28.62,33.11,0.0
2021-11-05,38.06,14.9,0.0,16.45,-41.69,-55.29,-40.46,69.13,-30.99
2021-11-08,409.36,0.0,0.0,0.0,134.31,155.82,98.02,152.37,0.0
2021-11-09,0.0,399.86,218.2,313.98,-7.25,-46.29,-12.48,0.0,0.0
2021-11-10,826.23,1590.7,1978.6,1526.91,2081.99,2494.95,622.6,1065.15,487.09
2021-11-15,0.0,-165.79,0.0,-203.19,-191.86,0.0,-66.09,-102.73,0.0
2021-11-16,465.2,0.0,0.0,-6.1,0.0,0.0,143.78,144.91,-3.6
2021-11-19,0.0,35.16,0.0,96.14,229.13,0.0,287.37,372.07,0.0
2021-11-22,0.0,0.0,0.0,444.97,0.0,0.0,0.0,0.0,170.01
2021-11-29,0.0,0.0,0.0,0.0,-44.43,0.0,-39.85,-23.47,0.0
2021-11-30,170.47,33.58,0.0,137.02,418.0,29.04,773.83,567.44,-66.43
2021-12-01,-36.64,-189.28,-155.64,-150.54,0.0,0.0,0.0,0.0,3.11
2021-12-02,0.0,13.56,0.0,28.38,22.35,0.0,24.5,41.6,0.0
2021-12-03,0.0,-4.52,0.0,-3.77,0.0,0.0,0.0,0.0,0.0
2021-12-07,0.0,-10.52,0.0,-10.52,0.0,0.0,-25.48,-29.98,0.0
2021-12-08,0.0,8.9,0.0,32.3,40.86,0.0,8.37,26.88,0.0
2021-12-09,0.0,-41.72,0.0,-41.72,-190.37,0.0,0.0,-118.32,0.0
2021-12-10,0.0,-2.28,0.0,-0.98,80.13,0.0,75.91,121.0,-55.59
2021-12-13,0.0,0.0,0.0,13.51,44.22,0.0,4.04,23.5,0.0
2021-12-14,0.0,-65.24,0.0,-85.46,25.35,0.0,45.93,39.52,-73.04
2021-12-15,-181.64,-355.56,-374.48,-272.01,-0.29,74.48,0.04,-22.42,98.96
2021-12-16,-189.92,100.87,0.0,152.2,604.65,0.0,433.04,704.81,0.0
2021-12-17,515.28,729.49,332.42,704.26,-31.79,0.0,111.15,171.84,185.12
2021-12-22,0.0,47.55,0.0,101.59,0.0,0.0,55.85,-7.12,0.0
2021-12-23,0.0,0.0,0.0,0.0,0.0,0.0,731.22,321.52,0.0
2021-12-27,0.0,0.0,0.0,0.0,-12.82,0.0,-50.96,-110.3,0.0
2021-12-28,-145.26,-157.96,-107.06,-137.89,-16.64,202.51,63.96,146.81,20.73
2021-12-29,-446.59,0.0,0.0,0.0,-175.1,0.0,0.0,0.0,0.0
2021-12-31,46.96,-23.3,0.0,-9.68,405.96,76.58,951.33,584.06,110.2
2022-01-03,100.55,-29.12,-41.71,-23.79,0.0,0.0,0.0,0.0,19.63
2022-01-06,-63.98,-9.77,-45.08,14.58,56.58,0.0,90.11,92.6,-39.56
2022-01-07,-85.72,-86.11,-47.9,-53.63,-24.31,0.0,-13.87,-25.4,0.0
2022-01-14,0.0,-69.22,0.0,-72.73,-47.71,-140.61,-986.63,-56.89,-49.21
2022-01-17,0.0,-22.84,0.0,-22.84,-454.81,0.0,-701.23,-910.56,0.0
2022-01-18,0.0,51.5,0.0,-182.83,10.39,0.0,-610.03,-749.99,-4.28
2022-01-19,190.48,34.28,0.0,86.72,977.73,988.26,760.57,1060.27,158.07
2022-01-20,285.88,158.68,191.39,131.27,316.28,529.93,115.49,190.86,277.88
2022-01-21,26.52,192.55,140.66,235.5,100.94,0.0,59.79,65.33,0.0
2022-01-24,0.0,0.0,0.0,0.0,0.0,0.0,-299.83,-250.26,0.0
2022-01-25,-87.63,56.26,9.93,138.34,392.02,43.16,551.95,374.36,-10.99
2022-01-26,-266.13,-125.58,-118.37,-90.52,115.22,0.0,65.54,118.36,0.0
2022-01-27,131.18,-32.45,-35.46,-27.72,50.21,0.0,153.91,133.52,243.04
2022-01-28,-36.78,918.27,218.27,780.59,-137.48,-225.18,0.35,-189.16,-74.05
2022-01-31,0.0,0.0,0.0,0.0,-165.44,0.0,-52.75,0.0,-48.14
2022-02-01,-247.42,0.0,0.0,0.0,0.0,0.0,0.0,0.0,0.0
2022-02-02,0.0,-4.44,0.0,-3.2,-4.57,0.0,-24.13,-9.8,0.0
2022-02-03,0.0,33.96,0.0,55.28,389.35,0.0,-20.98,211.02,0.0
2022-02-04,0.0,27.8,0.0,70.72,65.71,0.0,43.98,74.38,0.0
2022-02-11,278.15,34.41,0.0,71.58,522.86,174.8,632.22,617.28,81.7
2022-02-14,0.0,-151.28,-194.5,-125.32,0.0,0.0,0.0,0.0,0.0
2022-02-15,-856.39,-249.05,-294.16,-203.93,-506.4,-1919.11,-290.28,-696.85,-142.15
2022-02-17,0.0,285.17,0.0,297.48,389.34,0.0,512.84,388.78,35.97
2022-02-18,0.0,0.0,0.0,55.34,125.44,0.0,44.41,81.97,0.0
2022-02-21,-175.6,-103.93,-122.79,-71.23,20.97,0.0,14.16,31.57,0.0
2022-02-24,1209.92,1095.63,920.48,1033.08,1062.4,1103.15,1416.69,1711.82,344.44
2022-03-01,0.0,-1.48,0.0,2.96,0.0,0.0,-44.03,-41.82,0.0
2022-03-04,-169.72,-615.54,-556.83,-650.68,-224.86,0.0,-639.97,-705.8,-70.28
2022-03-07,877.26,1041.04,931.11,951.2,1378.63,1805.4,958.58,991.73,624.2
2022-03-11,0.0,-2.84,0.0,-2.46,-135.15,0.0,77.82,141.02,0.0
2022-03-14,0.0,0.0,0.0,25.72,25.9,0.0,6.78,-9.36,0.0
2022-03-16,0.0,0.0,0.0,2.92,26.67,0.0,0.65,12.49,0.0
2022-03-22,0.0,36.2,0.0,50.7,186.57,0.0,573.6,417.11,-11.64
2022-03-23,0.0,36.2,0.0,59.92,385.5,0.0,515.31,680.07,0.0
2022-03-24,0.0,14.68,0.0,46.55,400.48,0.0,611.49,539.2,-26.41
2022-03-29,-113.51,184.59,211.39,238.96,71.06,16.02,270.42,423.13,15.13
2022-03-31,0.0,0.0,0.0,-78.21,28.85,0.0,14.43,30.25,0.0
2022-04-05,0.0,0.0,0.0,0.9,0.0,0.0,59.26,0.0,0.0
2022-04-06,0.0,-179.68,0.0,-301.38,-614.51,0.0,-912.38,-881.55,-69.24
2022-04-07,0.0,0.0,0.0,-63.54,0.0,0.0,0.0,0.0,0.0
2022-04-08,-62.95,14.65,0.0,-4.16,45.86,0.0,53.33,47.22,0.0
2022-04-11,543.19,315.56,330.14,283.54,53.84,1.98,597.62,242.05,32.81
2022-04-12,0.0,0.0,0.0,-10.17,35.08,0.0,13.02,5.86,0.0
2022-04-18,0.0,15.05,0.0,28.9,186.02,0.0,374.59,461.77,0.0
2022-04-19,0.0,-0.76,0.0,1.6,19.18,0.0,205.14,233.98,0.0
2022-04-20,0.0,0.0,0.0,35.51,107.44,0.0,50.39,67.33,63.81
2022-04-21,0.0,44.69,0.0,36.38,44.45,0.0,81.35,28.93,0.0
2022-04-22,0.0,0.0,0.0,39.72,188.64,0.0,106.09,111.77,0.0
2022-04-25,262.04,207.0,-45.74,168.7,-163.52,0.0,-59.28,0.0,232.96
2022-04-26,90.96,75.25,90.29,103.24,0.0,0.0,60.82,83.18,0.0
2022-04-27,-525.93,-533.23,-470.91,-437.68,-531.89,-568.76,-120.28,-266.23,-332.53
2022-04-28,124.14,29.65,34.86,61.17,0.0,0.0,0.0,0.0,11.77
2022-04-29,0.0,14.44,0.0,19.52,0.0,0.0,-7.02,82.53,0.0
2022-05-02,0.0,-15.03,0.0,7.24,-84.75,0.0,-51.11,24.03,30.1
2022-05-04,0.0,35.16,0.0,57.76,0.0,0.0,1.02,0.63,0.0
2022-05-09,0.0,28.5,0.0,42.23,0.0,-79.0,16.83,36.47,0.0
2022-05-10,478.1,35.48,0.0,60.16,1947.8,2111.77,465.38,890.47,40.05
2022-05-11,115.47,452.45,486.74,405.22,73.85,0.0,168.76,53.64,691.85
2022-05-12,0.0,34.57,0.0,70.04,384.49,0.0,397.32,436.25,0.0
2022-05-13,270.45,314.3,72.6,289.49,306.29,0.0,119.09,178.17,0.0
2022-05-16,-424.65,-180.46,-213.27,-147.65,0.0,0.0,0.0,0.0,0.0
2022-05-19,0.0,34.36,0.0,55.12,183.98,0.0,142.98,148.52,0.0
2022-05-20,0.0,6.03,0.0,11.93,41.46,0.0,15.27,0.0,8.89
2022-05-23,0.0,0.0,0.0,0.0,0.0,0.0,124.23,0.0,-14.34
2022-05-24,0.0,14.12,0.0,21.44,17.85,0.0,27.22,36.36,0.0
2022-05-31,-88.66,-32.99,-34.73,-19.13,-19.83,0.0,139.95,183.0,0.0
2022-06-01,0.0,-6.84,-30.35,-1.68,61.85,0.0,279.31,35.76,20.17
2022-06-02,33.1,5.31,0.0,22.93,8.77,-127.1,-149.29,-78.81,0.0
2022-06-03,-35.31,25.31,13.02,16.0,16.37,0.0,4.1,0.0,-26.54
2022-06-06,0.0,0.0,0.0,6.69,20.03,0.0,10.91,14.73,0.0
2022-06-10,-136.19,-232.5,-147.27,-143.37,541.36,-249.57,1301.62,1685.07,-173.44
2022-06-13,-654.31,-203.81,-179.71,-335.38,-158.51,37.79,-261.15,-274.44,-24.4
2022-06-14,0.0,0.0,0.0,0.0,0.0,0.0,124.8,0.0,0.0
2022-06-15,0.0,0.0,0.0,0.0,0.0,0.0,0.0,0.0,-27.87
2022-06-21,0.0,14.04,0.0,17.28,0.0,0.0,29.26,36.91,0.0
2022-06-22,0.0,0.0,0.0,13.56,0.0,0.0,0.0,0.0,0.0
2022-06-23,0.0,-20.08,0.0,-155.08,-814.52,0.0,-696.23,-1332.78,0.0
2022-06-24,0.0,0.0,0.0,4.74,41.05,0.0,47.01,49.14,0.0
2022-06-29,-453.29,-247.28,-196.54,-265.26,16.55,0.0,26.99,134.1,-8.74
2022-06-30,-720.42,-729.89,-767.88,-631.23,-683.78,-608.73,-220.57,-367.4,-372.88
2022-07-01,-142.21,-420.85,-398.38,-300.31,-880.2,-2449.67,-334.95,-718.2,-398.33
2022-07-05,236.07,278.21,0.0,272.76,400.16,354.35,974.36,930.38,277.16
2022-07-06,2214.75,264.0,312.03,432.95,-90.43,578.17,92.24,209.93,566.58
2022-07-07,0.0,1161.57,1356.08,967.05,0.0,0.0,0.0,0.0,0.0
2022-07-08,0.0,0.0,0.0,-16.73,762.94,0.0,152.16,413.03,0.0
2022-07-11,0.0,-63.94,0.0,-69.81,-3.58,0.0,-179.97,-56.58,-33.5
2022-07-12,113.85,-286.19,-271.85,-238.5,566.23,474.24,846.18,954.89,185.49
2022-07-13,266.72,-36.19,-6.7,-127.7,180.94,375.4,221.9,83.22,164.27
2022-07-14,0.0,0.0,0.0,8.59,38.6,0.0,28.45,-282.9,0.0
2022-07-20,56.37,-50.33,0.0,9.46,222.87,0.0,238.13,425.08,0.0
2022-07-21,669.46,527.5,562.13,459.86,1171.42,993.51,390.04,627.23,576.71
2022-07-22,0.0,-5.9,0.0,-6.09,76.83,0.0,145.14,109.72,14.98
2022-07-26,0.0,0.0,0.0,0.96,0.0,0.0,15.14,0.0,0.0
2022-07-27,-16.33,-3.79,0.0,-1.2,-497.78,0.0,-615.96,-281.33,0.0
2022-07-28,-366.21,-256.85,-216.33,-227.19,-155.44,0.0,-221.01,7.22,-49.36
2022-07-29,0.0,443.06,278.82,478.84,0.0,0.0,0.0,0.0,20.01
2022-08-01,0.0,37.21,0.0,73.47,360.4,0.0,986.56,896.56,0.0
2022-08-04,0.0,-140.42,0.0,-208.47,-131.66,0.0,-606.08,107.68,0.0
2022-08-05,0.0,0.0,0.0,-3.14,0.0,0.0,0.0,0.0,-14.39
2022-08-09,-64.84,32.49,0.0,75.18,204.99,-3.91,400.48,743.21,-9.68
2022-08-10,64.68,-181.95,-115.88,-92.41,241.72,0.0,202.11,268.38,-20.91
2022-08-15,0.0,13.72,0.0,35.28,403.38,0.0,419.33,242.75,11.92
2022-08-16,0.0,0.0,0.0,5.96,24.08,0.0,-0.71,14.6,0.0
2022-08-17,0.0,0.0,0.0,-25.65,206.74,0.0,141.99,83.2,-15.98
2022-08-18,0.0,0.0,0.0,11.51,75.72,0.0,23.98,48.2,0.0
2022-08-19,50.61,-6.42,0.0,-5.32,0.0,0.0,32.33,0.0,0.0
2022-08-22,553.14,261.83,309.43,214.26,0.0,0.0,0.0,0.0,84.45
2022-08-23,0.0,290.02,348.02,392.32,273.92,0.0,0.0,155.26,0.0
2022-08-24,0.0,0.0,0.0,4.2,-9.41,0.0,-17.43,16.98,0.0
2022-08-25,0.0,0.0,0.0,0.0,0.0,0.0,150.29,152.33,0.0
2022-08-29,-235.75,-489.79,-412.74,-403.15,187.8,107.53,431.75,202.55,40.67
2022-08-30,0.0,0.0,0.0,0.0,0.0,0.0,-239.3,-163.56,0.0
2022-08-31,-451.99,-110.79,0.0,53.16,367.71,0.0,1616.33,1346.79,-32.23
2022-09-01,599.32,0.0,0.0,0.0,0.0,0.0,0.0,0.0,0.0
2022-09-02,0.0,114.43,145.55,104.0,0.0,0.0,0.0,0.0,0.0
2022-09-06,0.0,108.39,0.0,274.38,177.44,0.0,193.76,339.65,0.0
2022-09-08,0.0,-69.17,0.0,-50.52,-154.81,0.0,-240.04,-933.16,-38.51
2022-09-09,0.0,0.0,0.0,-28.83,0.0,0.0,0.0,0.0,0.0
2022-09-12,0.0,36.08,0.0,56.04,-13.13,0.0,-64.92,-74.87,0.0
2022-09-13,0.0,36.3,0.0,36.54,0.0,0.0,0.0,0.0,0.0
2022-09-14,0.0,14.8,0.0,58.23,-13.13,0.0,-26.58,-9.37,0.0
2022-09-15,-13.89,760.26,310.45,678.12,-161.77,-200.72,263.82,130.48,419.43
2022-09-16,0.0,1274.69,1515.3,1460.77,0.0,0.0,0.0,0.0,0.0
2022-09-21,-74.02,-256.28,-172.87,-357.82,-1101.62,-235.14,-977.74,-1458.41,-361.48
2022-09-23,104.46,-84.86,-21.11,-59.33,84.25,0.0,209.2,450.78,0.0
2022-09-28,0.0,13.8,0.0,16.43,234.0,0.0,268.48,221.32,0.0
2022-09-29,0.0,0.0,0.0,11.29,38.7,0.0,15.53,16.61,0.0
2022-10-03,145.17,0.0,0.0,59.77,62.23,0.0,-100.73,69.96,0.0
2022-10-04,282.27,488.0,295.43,476.24,0.0,0.0,0.0,0.0,74.21
2022-10-05,0.0,599.49,708.49,490.8,463.04,0.0,0.0,0.0,0.0
2022-10-11,0.0,0.0,0.0,0.0,0.0,0.0,-202.74,-327.85,0.0
2022-10-13,0.0,297.33,0.0,294.25,115.22,0.0,80.96,100.41,46.72
2022-10-14,0.0,-5.09,0.0,3.5,27.12,0.0,36.32,41.18,0.0
2022-10-19,105.35,-38.26,-78.39,-10.97,-106.93,-234.99,54.19,53.76,100.0
2022-10-20,161.1,343.5,84.13,314.45,136.54,0.0,53.97,79.82,144.15
2022-10-21,0.0,0.0,0.0,11.42,178.92,0.0,78.19,154.11,-55.33
2022-10-24,0.0,-5.54,0.0,-5.41,0.0,0.0,-288.43,-290.95,0.0
2022-10-26,0.0,-73.54,0.0,-36.93,-129.73,0.0,-29.63,-16.96,-25.68
2022-10-28,0.0,0.0,0.0,-105.32,-135.8,0.0,-237.37,-150.28,0.0
2022-10-31,0.0,17.93,0.0,17.86,0.0,0.0,0.0,0.0,0.0
2022-11-01,0.0,0.0,0.0,0.0,0.0,0.0,0.0,0.0,-0.9
2022-11-02,0.0,0.0,0.0,10.52,4.25,0.0,-29.41,67.79,0.0
2022-11-03,-254.46,-220.74,-206.29,-136.58,60.87,-360.99,230.12,231.4,-308.86
2022-11-04,54.06,-141.68,-106.21,-416.56,-130.67,-235.83,201.44,139.17,0.0
2022-11-07,-85.38,-78.11,-97.77,-71.63,41.8,0.0,14.97,23.7,0.0
2022-11-08,285.28,0.0,0.0,54.24,395.49,0.0,411.73,308.48,0.0
2022-11-09,0.0,0.0,0.0,37.14,208.07,0.0,72.34,126.52,120.96
2022-11-10,542.38,1042.99,317.17,908.32,192.61,0.0,176.9,125.26,9.07
2022-11-11,1149.7,0.0,0.0,0.0,0.0,0.0,0.0,0.0,181.18
2022-11-14,-277.21,-86.49,-108.12,-72.08,0.0,0.0,0.0,0.0,17.49
2022-11-17,0.0,0.0,0.0,0.0,0.0,0.0,-87.37,-38.97,0.0
2022-11-18,0.0,50.88,0.0,170.8,50.27,0.0,35.21,73.89,0.0
2022-11-23,0.0,-118.95,0.0,-115.12,381.48,0.0,-742.02,-203.36,-61.04
2022-11-28,0.0,-2.08,0.0,12.71,51.68,0.0,35.82,-266.42,0.0
2022-11-30,0.0,-147.21,0.0,-144.2,-623.31,0.0,-1440.88,-1260.21,-52.91
2022-12-01,373.53,0.0,0.0,0.0,1589.6,2461.79,782.16,968.66,581.8
2022-12-02,373.89,855.95,835.18,817.42,240.53,0.0,93.15,145.21,67.4
2022-12-05,-354.83,-570.97,-720.19,-452.42,-614.79,-2451.38,-136.99,-234.0,-170.02
2022-12-13,161.13,-49.18,-61.11,8.57,760.3,704.78,496.47,667.4,325.1
2022-12-15,-108.33,-141.15,-87.48,-106.7,19.76,0.0,52.8,29.76,-24.98
2022-12-16,-268.78,0.0,0.0,-75.6,-795.58,0.0,-798.77,-756.44,0.0
2022-12-19,0.0,-197.47,-230.43,-148.0,0.0,0.0,0.0,0.0,0.0
2022-12-20,0.0,46.47,0.0,-61.48,419.04,0.0,456.06,241.2,0.0
2022-12-21,0.0,0.0,0.0,-26.36,-226.83,-544.26,-188.4,-394.23,-79.51
2022-12-22,0.0,0.0,0.0,-66.22,-299.12,-935.5,-1105.25,-643.05,-224.44
2022-12-27,-371.04,-423.46,-452.41,-299.2,421.9,269.66,612.79,363.6,79.58
2022-12-28,-294.61,0.0,0.0,0.0,0.0,0.0,0.0,0.0,0.0
2023-01-03,689.18,436.49,469.69,439.48,2720.31,2900.35,794.07,1848.99,624.67
2023-01-04,-70.15,-80.82,-94.29,-38.78,210.97,0.0,663.25,239.96,0.0
2023-01-05,-210.96,0.0,0.0,0.0,0.0,0.0,0.0,0.0,0.0
2023-01-06,0.0,-18.58,0.0,9.55,71.67,0.0,-72.4,-36.83,0.0
2023-01-09,-11.36,-6.65,-8.05,-5.53,0.0,0.0,562.41,202.76,-55.6
2023-01-10,-175.18,0.0,0.0,0.0,-283.76,0.0,-0.27,-144.26,0.0
2023-01-11,-288.63,-96.89,-116.0,-60.53,15.9,6.81,47.23,145.91,0.73
2023-01-12,-0.59,71.8,0.0,69.44,82.32,0.0,73.42,138.34,0.0
2023-01-13,93.35,0.0,0.0,0.0,0.0,0.0,0.0,0.0,0.0
2023-01-16,116.93,41.86,49.42,34.25,0.0,0.0,0.0,0.0,0.0
2023-01-19,73.45,42.6,0.0,79.79,672.74,0.0,1110.96,1131.21,0.0
2023-01-20,-85.41,-132.54,-46.52,-113.49,57.31,84.8,0.0,26.32,1.52
2023-01-24,0.0,-4.1,0.0,-3.14,-159.11,0.0,-144.41,-105.13,0.0
2023-01-25,0.0,119.75,0.0,164.06,-46.75,0.0,193.17,182.13,0.0
2023-01-26,0.0,0.0,0.0,-9.76,480.95,0.0,17.73,443.61,0.0
2023-01-27,0.0,-65.65,0.0,-91.7,-144.16,0.0,-271.36,-83.79,0.0
2023-01-31,0.0,141.84,0.0,221.22,482.32,0.0,1839.13,1230.22,8.77
2023-02-01,-9.52,18.45,0.0,19.68,37.76,-74.38,-34.69,17.84,0.0
2023-02-02,32.46,-413.22,-386.54,-322.71,60.63,90.6,204.23,52.59,174.4
2023-02-09,-3.95,32.39,0.0,46.41,148.49,15.39,81.5,86.95,0.0
2023-02-10,120.22,-348.61,-332.95,-286.77,239.28,67.37,87.99,96.95,79.16
2023-02-13,0.0,-48.8,0.0,-72.8,-98.02,0.0,-204.5,-210.39,0.0
2023-02-16,0.0,0.0,0.0,0.72,27.71,0.0,37.99,29.63,0.0
2023-02-20,0.0,-43.9,0.0,-60.16,49.82,0.0,24.99,12.91,0.0
2023-02-22,0.0,12.75,0.0,-29.49,-50.78,0.0,-16.83,470.07,0.0
2023-02-23,-596.85,-443.67,-419.66,-359.19,-584.96,-470.55,-257.24,-451.47,-98.63
2023-02-24,-5.73,0.0,0.0,0.44,57.02,0.0,45.19,51.04,27.34
2023-02-27,0.0,0.0,0.0,5.02,356.73,0.0,0.0,212.87,139.01
2023-02-28,0.0,-120.29,-13.67,-339.09,-539.58,0.0,-1714.99,-1747.37,0.0
2023-03-03,-23.65,-35.02,-19.74,-17.63,77.94,0.0,27.04,76.17,-35.88
2023-03-06,-42.18,0.0,0.0,-6.76,0.0,0.0,15.48,0.0,0.0
2023-03-07,0.0,34.42,-67.7,50.09,0.0,0.0,-5.46,-12.64,0.0
2023-03-10,22.35,18.77,0.0,36.57,156.32,204.63,84.7,122.65,0.0
2023-03-13,178.0,690.58,623.65,565.52,0.0,0.0,0.0,0.0,43.08
2023-03-15,0.0,302.8,0.0,330.62,267.13,0.0,377.41,315.08,0.0
2023-03-17,665.56,1487.04,799.16,1509.0,777.42,1041.89,1232.55,1070.47,209.26
2023-03-20,670.1,-83.22,-97.95,-68.48,1153.62,0.0,404.68,641.44,76.59
2023-03-30,0.0,-99.64,0.0,-182.76,0.02,0.0,-136.3,-74.46,0.0
2023-04-03,0.0,135.5,0.0,145.32,179.47,0.0,217.84,238.61,-14.74
2023-04-04,533.76,0.0,0.0,81.12,1056.97,1285.68,829.54,1029.71,464.65
2023-04-05,415.49,1003.24,880.98,874.95,241.36,0.0,85.9,140.25,63.01
2023-04-13,388.03,46.91,0.0,122.94,1681.6,2626.02,1363.6,1495.73,421.19
2023-04-14,0.0,20.62,16.21,17.16,0.0,0.0,0.0,0.0,29.05
2023-04-17,-164.75,-432.27,-132.94,-374.15,24.77,0.0,-710.13,30.74,0.0
2023-04-18,0.0,0.0,0.0,0.0,-451.27,0.0,-1068.0,-1077.99,-63.9
2023-04-19,0.0,46.93,-46.73,-29.82,38.96,0.0,-18.24,253.0,0.0
2023-04-20,0.0,-178.51,0.0,-257.74,0.0,0.0,0.0,0.0,0.0
2023-04-21,0.0,0.0,0.0,0.0,0.0,0.0,-1691.27,-1000.02,0.0
2023-05-01,0.0,0.0,0.0,71.68,0.0,0.0,0.0,0.0,0.0
2023-05-02,29.34,10.23,-10.14,48.52,315.24,0.0,307.99,204.91,0.0
2023-05-03,-26.93,538.15,327.44,419.74,0.0,0.0,0.0,0.0,18.37
2023-05-04,1104.86,746.73,561.02,648.9,1819.5,1970.79,533.37,1045.18,605.1
2023-05-11,0.0,0.0,0.0,10.84,0.0,0.0,208.39,0.0,0.0
2023-05-12,0.0,0.0,0.0,0.0,0.0,0.0,-200.0,-170.77,-47.94
2023-05-16,143.14,-170.73,0.0,-286.6,-595.97,0.0,-276.22,-837.17,0.0
2023-05-17,488.22,442.82,0.0,339.13,-109.8,0.0,0.0,-61.24,0.0
2023-05-18,156.13,527.48,334.41,824.14,201.44,280.87,70.78,120.34,410.42
2023-05-19,155.35,673.97,799.4,561.08,639.24,0.0,280.8,0.0,192.66
2023-05-23,0.0,0.0,0.0,0.0,0.0,0.0,0.0,0.0,-113.86
2023-05-24,0.0,-5.92,0.0,-2.97,-426.86,0.0,-553.78,-927.34,-52.62
2023-05-25,389.85,-48.46,0.0,-24.93,1164.89,1376.38,1618.7,1595.28,206.29
2023-05-26,0.0,46.7,31.74,37.61,0.0,0.0,0.0,0.0,0.0
2023-05-30,-41.43,-317.24,-293.22,-295.2,30.52,0.0,7.2,15.21,-18.42
2023-06-01,0.0,0.0,0.0,16.05,17.48,0.0,12.38,85.68,0.0
2023-06-02,0.0,18.85,0.0,21.78,31.13,0.0,75.87,80.41,0.0
2023-06-05,0.0,0.0,0.0,0.0,0.0,0.0,361.37,131.63,0.0
2023-06-08,0.0,0.0,0.0,-41.05,-205.65,0.0,-136.9,-79.8,0.0
2023-06-09,0.0,0.0,0.0,-88.04,0.0,0.0,0.0,0.0,0.0
2023-06-12,0.0,0.0,0.0,0.0,-912.31,0.0,-846.12,-511.39,0.0
2023-06-13,0.0,46.18,0.0,64.42,190.69,0.0,222.16,284.97,0.0
2023-06-14,0.0,-131.33,0.0,-244.61,-379.36,0.0,-1800.67,-1872.52,0.0
2023-06-15,-28.53,-128.42,-219.56,-80.85,-2195.48,-6381.2,206.04,-909.47,-30.96
2023-06-21,-511.31,-420.27,-502.28,-295.66,-98.08,30.96,198.05,116.38,-3.83
2023-06-22,0.0,0.0,0.0,-68.63,714.37,1638.24,115.32,410.08,0.0
2023-06-23,60.5,7.37,7.93,21.26,389.16,1121.9,574.38,218.63,0.0
2023-06-27,0.0,-5.62,0.0,-4.51,0.0,0.0,-263.73,-180.94,0.0
2023-06-28,54.04,-2.65,0.0,0.5,176.78,54.53,106.23,188.99,18.09
2023-06-29,217.19,509.05,547.65,409.37,0.0,0.0,32.04,0.0,38.32
2023-07-03,0.0,-19.35,0.0,-15.48,0.0,0.0,0.0,0.0,0.0
2023-07-04,0.0,0.0,0.0,0.0,0.0,0.0,-2.34,0.0,0.0
2023-07-05,0.0,-41.69,0.0,-37.96,159.61,0.0,60.57,90.32,0.0
2023-07-07,0.0,-23.39,0.0,-68.53,-132.55,0.0,-109.56,-110.42,0.0
2023-07-10,0.0,0.0,0.0,0.0,0.0,0.0,-551.61,-310.93,0.0
2023-07-11,-67.8,21.88,0.0,26.34,36.36,5.89,52.72,64.38,-11.66
2023-07-12,422.95,197.29,-61.94,166.13,0.0,0.0,0.0,22.44,5.49
2023-07-13,0.0,246.46,291.28,201.93,0.0,0.0,0.0,0.0,77.1
2023-07-14,0.0,0.0,0.0,78.18,284.95,0.0,101.29,0.0,0.0
2023-07-18,109.31,-19.11,0.0,36.51,182.52,0.0,434.58,389.59,2.86
2023-07-19,76.4,7.18,0.0,6.13,0.0,0.0,0.0,0.0,5.64
2023-07-20,-169.02,304.74,24.22,275.34,56.42,0.0,67.78,70.64,0.0
2023-07-24,0.0,18.78,0.0,5.89,-68.96,0.0,-111.0,-77.11,0.0
2023-07-25,0.0,0.0,0.0,0.0,43.29,0.0,52.22,24.38,0.0
2023-07-27,-69.16,18.85,0.0,29.56,213.67,0.0,389.86,540.67,0.0
2023-07-28,-327.93,-232.91,-94.01,-193.5,68.46,0.0,24.0,37.55,4.89
2023-07-31,0.0,-199.7,-236.0,-227.85,0.0,0.0,0.0,0.0,0.0
2023-08-01,0.0,-117.97,-13.44,-109.81,-95.74,-91.95,-218.77,-165.21,0.0
2023-08-02,-349.16,0.0,0.0,34.12,107.1,-241.51,172.03,270.59,-161.62
2023-08-03,0.0,0.0,0.0,0.0,0.0,0.0,0.0,0.0,281.17
2023-08-04,139.92,117.02,137.93,95.67,0.0,0.0,0.0,0.0,0.0
2023-08-08,0.0,37.03,0.0,40.16,28.49,0.0,28.17,41.4,0.0
2023-08-09,0.0,0.0,0.0,-10.62,138.09,0.0,52.76,-4.11,0.0
2023-08-10,0.0,33.76,0.0,34.25,0.0,0.0,0.0,0.0,25.3
2023-08-14,0.0,-86.46,0.0,-52.2,95.36,0.0,42.06,66.9,0.0
2023-08-15,-25.08,-86.43,0.0,-71.97,207.48,0.0,9.02,54.13,-20.89
2023-08-16,-2.89,-5.44,0.0,-16.01,-32.44,0.0,-76.93,-79.33,0.0
2023-08-17,-92.93,-54.04,21.37,-44.5,135.34,-180.55,296.04,709.1,-28.94
2023-08-18,0.0,0.0,0.0,0.0,164.14,231.54,85.28,88.62,0.0
2023-08-21,64.79,-135.85,0.0,-205.98,-12.41,0.0,-853.13,-437.16,0.0
2023-08-22,0.0,61.54,71.89,50.34,-414.7,0.0,-435.96,-898.74,0.0
2023-08-25,0.0,0.0,0.0,0.0,-551.44,0.0,-196.28,-24.42,0.0
2023-08-28,0.0,18.35,0.0,34.13,29.53,0.0,46.85,18.9,0.0
2023-08-29,0.0,-93.81,0.0,-8.96,211.03,0.0,289.24,262.0,-31.04
2023-08-31,0.0,0.0,0.0,0.0,-47.36,0.0,-32.82,-26.19,-25.27
2023-09-01,0.0,0.0,0.0,67.13,0.0,0.0,0.0,0.0,0.0
2023-09-05,0.0,16.05,0.0,79.94,243.68,0.0,1192.04,711.95,0.0
2023-09-07,0.0,0.0,0.0,0.0,-22.61,0.0,0.0,0.0,0.0
2023-09-08,0.0,-92.95,0.0,-74.36,0.0,0.0,-164.29,0.0,0.0
2023-09-11,0.0,0.0,0.0,0.0,0.0,0.0,0.0,0.0,-68.95
2023-09-12,48.37,-1.32,0.0,30.9,486.23,0.0,752.33,669.89,12.25
2023-09-13,5.22,0.0,0.0,1.08,0.0,0.0,0.0,0.0,103.37
2023-09-14,0.0,0.0,0.0,0.0,71.03,0.0,105.36,76.88,-25.35
2023-09-15,0.0,123.59,73.78,122.69,-54.54,0.0,-150.21,-103.62,0.0
2023-09-18,-3.26,55.49,0.0,-206.42,-6.94,0.0,-125.49,-37.05,0.0
2023-09-19,38.79,0.0,0.0,0.0,46.13,0.0,21.93,12.75,0.0
2023-09-20,72.09,135.82,156.31,138.57,444.4,0.0,517.26,204.58,-38.45
2023-09-25,0.0,0.0,0.0,0.0,0.0,0.0,-13.07,-16.61,0.0
2023-09-26,304.38,148.4,-37.61,184.24,19.13,-22.61,112.25,137.9,0.0
2023-09-27,390.34,1063.09,318.72,882.2,1187.63,1897.26,265.63,859.15,1021.6
2023-09-28,311.76,272.99,0.0,463.16,386.71,0.0,138.13,209.84,0.0
2023-09-29,0.0,0.0,0.0,272.08,676.02,0.0,584.5,404.41,214.88
2023-10-04,0.0,0.0,0.0,0.0,0.0,0.0,-5.63,-46.12,0.0
2023-10-05,0.0,17.34,0.0,28.28,-133.7,0.0,-25.48,24.0,-31.89
2023-10-06,0.0,-84.23,0.0,-106.45,-127.06,0.0,-42.67,-73.53,0.0
2023-10-09,0.0,0.0,0.0,131.3,0.0,0.0,0.0,0.0,0.0
2023-10-11,0.0,35.63,0.0,57.12,440.0,0.0,946.78,799.74,0.0
2023-10-12,0.0,0.0,0.0,0.0,0.0,0.0,21.34,0.0,-11.37
2023-10-13,0.0,0.0,0.0,24.55,209.95,0.0,82.02,128.57,0.0
2023-10-17,0.0,0.0,0.0,0.0,0.0,0.0,-32.1,-112.54,0.0
2023-10-18,1015.35,1354.26,1261.25,1360.2,1160.6,285.91,1200.64,978.22,983.39
2023-10-19,0.0,45.31,0.0,38.89,26.74,0.0,642.68,704.66,0.0
2023-10-20,74.09,-23.04,-26.41,-19.12,-34.85,-201.25,-11.69,-0.1,-76.18
2023-10-23,-287.89,0.0,0.0,0.0,0.0,0.0,0.0,0.0,0.0
2023-10-24,0.0,92.63,0.0,149.41,0.0,0.0,1008.46,766.95,0.0
2023-10-27,214.39,65.56,0.0,135.61,877.65,1850.35,1546.09,1592.44,526.64
2023-10-30,-6.04,-175.26,-225.51,-152.01,73.48,306.43,27.6,156.24,25.56
2023-10-31,0.0,0.0,0.0,-16.43,0.0,0.0,0.0,0.0,0.0
2023-11-07,177.62,33.59,0.0,57.62,79.26,0.0,1037.27,702.71,268.59
2023-11-08,52.38,44.92,-13.62,47.65,46.42,0.0,137.6,110.45,0.0
2023-11-09,-21.81,-37.91,37.65,-28.49,81.69,0.0,28.25,45.82,29.87
2023-11-10,0.0,-1.35,0.0,1.37,29.07,0.0,41.49,52.7,0.0
2023-11-13,181.22,0.0,0.0,0.0,0.0,0.0,0.0,0.0,0.0
2023-11-14,0.0,45.65,0.0,83.67,0.0,0.0,38.54,138.14,0.0
2023-11-16,0.0,0.0,0.0,116.89,142.06,0.0,180.18,299.24,0.0
2023-11-21,-84.38,-116.14,-19.78,-90.89,38.24,-40.47,585.18,719.73,-26.13
2023-11-22,-195.94,-96.62,0.0,-80.51,-221.68,0.0,-79.0,-119.72,0.0
2023-11-23,0.0,0.0,0.0,0.0,-755.55,-1700.35,-294.41,-687.41,0.0
2023-11-27,167.0,46.63,0.0,109.06,495.76,380.18,861.14,521.63,278.99
2023-11-28,84.26,1028.92,276.86,911.61,703.94,0.0,1568.88,836.07,0.0
2023-11-29,213.11,1286.41,1527.08,1699.67,0.0,0.0,0.0,0.0,0.0
2023-11-30,-200.11,0.0,0.0,0.0,0.0,0.0,0.0,0.0,0.0
2023-12-01,507.13,578.38,283.49,512.27,476.31,0.0,791.76,706.21,85.53
2023-12-04,1569.42,1569.7,1764.25,1560.28,2359.34,1482.66,949.41,1328.13,100.32
2023-12-05,0.0,0.0,0.0,24.7,22.24,0.0,18.53,8.73,0.0
2023-12-12,0.0,0.0,0.0,0.0,0.0,0.0,-5.97,0.0,0.0
2023-12-13,0.0,82.75,0.0,78.76,63.12,0.0,62.42,67.31,0.0
2023-12-14,0.0,-105.9,0.0,-214.11,258.29,0.0,1536.18,565.28,-62.85
2023-12-19,0.0,0.0,0.0,0.0,-208.93,-249.2,-61.75,-94.89,-34.18
2023-12-20,0.0,0.0,0.0,-87.46,-471.83,0.0,-924.35,-688.37,-121.96
2023-12-21,0.0,0.0,0.0,-15.83,0.0,0.0,-186.1,-68.2,0.0
2023-12-22,321.25,517.82,273.21,670.98,634.37,124.87,1060.18,676.45,104.5
2023-12-27,0.0,-57.8,0.0,-32.97,855.26,0.0,468.03,1299.04,28.47
2023-12-28,0.0,0.0,0.0,17.39,0.0,0.0,0.0,0.0,0.0
2024-01-02,0.0,17.86,0.0,18.34,20.0,0.0,4.04,0.0,0.0
2024-01-03,0.0,0.0,0.0,0.0,0.0,0.0,327.78,701.52,0.0
2024-01-08,0.0,0.0,0.0,23.71,86.29,0.0,83.92,184.8,0.0
2024-01-11,-474.38,-104.17,0.0,-54.85,-295.81,-57.17,-1032.23,-866.46,-56.48
2024-01-12,-186.58,-533.49,-621.57,-506.1,235.12,0.0,84.06,141.3,0.0
2024-01-17,242.36,17.58,0.0,-171.94,150.78,142.26,234.57,122.46,68.75
2024-01-18,169.66,-83.16,-166.92,-56.88,67.72,97.88,54.59,40.76,59.38
2024-01-23,0.0,0.0,0.0,-18.25,0.0,0.0,-44.5,-73.35,0.0
2024-01-24,0.0,34.72,0.0,33.02,-122.31,0.0,-58.93,-13.62,0.0
2024-01-25,0.0,0.0,0.0,0.0,0.0,0.0,0.0,0.0,6.66
2024-01-29,0.0,-239.26,0.0,-313.47,-458.54,0.0,-915.49,-305.17,0.0
2024-01-30,-103.41,-203.55,-153.96,-163.28,114.3,0.0,295.66,493.1,0.72
2024-01-31,0.0,0.0,0.0,39.22,451.56,0.0,202.55,137.21,0.0
2024-02-01,-208.32,-217.89,-145.36,-150.83,-85.86,0.0,333.51,36.8,-38.74
2024-02-02,0.0,-81.58,-96.4,-66.74,0.0,0.0,0.0,0.0,-28.37
2024-02-07,0.0,0.0,0.0,27.64,12.39,0.0,-31.38,-30.93,0.0
2024-02-09,0.0,-18.15,0.0,-13.97,0.0,0.0,-6.31,-18.39,0.0
2024-02-12,-71.54,103.48,0.0,122.84,266.98,0.0,1062.66,1168.62,-39.29
2024-02-13,128.78,-155.1,-49.96,-183.79,229.14,-39.78,6.9,149.13,83.86
2024-02-14,316.86,553.04,641.68,456.33,297.0,411.17,105.12,174.17,175.48
2024-02-15,67.04,241.82,277.38,273.53,331.68,0.0,116.01,185.33,0.0
2024-02-16,0.0,0.0,0.0,-186.35,41.81,0.0,-1.67,108.3,0.0
2024-02-19,0.0,0.0,0.0,0.0,0.0,0.0,136.78,0.0,0.0
2024-02-20,0.0,0.0,0.0,52.47,476.68,0.0,495.75,416.13,0.0
2024-02-21,0.0,-221.21,0.0,-491.62,-11.39,0.0,86.31,-20.51,-28.18
2024-02-22,0.0,17.31,0.0,29.5,16.78,0.0,-247.39,-88.31,0.0
2024-02-23,0.0,70.0,0.0,130.78,475.25,0.0,502.6,906.91,0.0
2024-02-26,0.0,0.0,0.0,0.0,0.0,0.0,-14.33,0.0,0.0
2024-02-28,0.0,-216.79,0.0,-168.47,0.0,0.0,0.0,0.0,0.0
2024-02-29,-35.38,34.93,0.0,79.4,680.52,202.2,930.22,771.33,105.72
2024-03-01,367.99,805.72,335.03,660.7,523.98,1446.69,340.93,618.61,484.24
2024-03-04,2251.76,290.42,342.91,237.61,1853.08,2673.68,691.15,726.77,980.24
2024-03-05,0.0,3623.83,4205.72,3005.21,-978.67,-838.06,-230.7,-189.83,0.0
2024-03-06,-555.8,-306.05,-358.82,-236.3,389.1,146.69,75.4,211.49,17.34
2024-03-07,114.97,0.0,0.0,0.0,0.0,0.0,0.0,0.0,0.0
2024-03-08,0.0,265.17,313.39,217.46,0.0,0.0,0.0,0.0,0.0
2024-03-18,-240.08,-249.95,-236.7,-175.19,-257.94,0.0,-10.34,-62.35,-18.93
2024-03-19,0.0,-20.84,0.0,-16.21,0.0,0.0,0.0,0.0,0.0
2024-03-20,-179.49,-237.06,-290.74,-215.24,-474.15,0.0,-1104.61,-955.09,0.0
2024-03-21,962.44,418.09,488.87,382.2,1168.09,2102.76,939.67,652.23,545.13
2024-03-28,152.75,58.1,0.0,45.0,324.81,566.09,465.78,707.17,61.65
2024-04-01,395.33,1786.11,1757.42,1897.48,1234.2,1665.45,503.48,719.2,484.93
2024-04-02,587.55,-17.64,0.0,-30.04,-124.94,0.0,-109.26,-115.77,0.0
2024-04-09,0.0,-2.76,0.0,2.29,20.55,0.0,193.79,269.36,0.0
2024-04-11,0.0,111.67,0.0,330.2,443.64,0.0,1081.42,588.31,0.0
2024-04-12,0.0,0.0,0.0,220.91,541.09,0.0,206.09,304.37,89.81
2024-04-19,0.0,44.53,0.0,74.16,467.86,0.0,930.39,741.48,25.87
2024-04-22,0.0,18.21,0.0,21.68,12.03,0.0,15.86,255.98,0.0
2024-04-23,717.32,855.88,530.78,837.16,488.06,0.0,2310.49,1881.15,385.39
2024-04-25,0.0,0.0,0.0,40.24,260.35,0.0,106.41,133.74,0.0
2024-04-30,50.89,5.65,-11.02,34.01,263.43,0.0,752.13,1058.49,0.0
2024-05-01,-235.52,-174.98,-100.68,-138.92,189.41,129.06,112.4,143.95,112.19
2024-05-03,0.0,-73.95,0.0,-45.95,-172.79,0.0,-55.51,-113.59,0.0
2024-05-06,0.0,-6.68,0.0,-154.32,29.54,0.0,-278.79,-288.29,-41.43
2024-05-09,103.74,17.8,0.0,28.91,85.09,0.0,58.44,315.26,0.0
2024-05-10,858.46,1384.16,962.26,1309.19,626.52,0.0,247.3,378.2,291.5
2024-05-15,56.84,-556.57,-433.46,-495.02,-1703.87,-295.63,-1288.69,-2110.86,-383.06
2024-05-16,383.75,0.0,0.0,10.84,0.0,0.0,0.0,0.0,0.0
2024-05-17,-13.36,-262.63,-17.59,-179.91,69.68,0.0,120.77,184.48,0.0
2024-05-20,431.44,350.19,371.02,282.13,80.29,116.18,26.71,67.02,118.84
2024-05-22,0.0,45.8,0.0,104.47,233.88,0.0,1036.8,642.27,0.0
2024-05-23,0.0,18.6,0.0,13.95,0.0,0.0,0.0,0.0,0.0
2024-05-24,0.0,0.0,0.0,0.0,0.0,0.0,37.6,0.0,-18.24
2024-05-28,0.0,0.0,0.0,36.16,61.95,0.0,23.03,52.77,0.0
2024-05-30,-553.98,-368.86,-294.55,-218.13,-73.95,-42.33,-79.35,-98.25,-260.26
2024-05-31,0.0,17.85,0.0,-280.2,34.4,0.0,18.79,-35.21,0.0
2024-06-03,0.0,0.0,0.0,0.0,0.0,0.0,32.15,39.59,0.0
2024-06-04,0.0,-75.79,0.0,-56.86,0.0,0.0,0.0,0.0,0.0
2024-06-05,0.0,1.28,0.0,-15.94,-711.05,0.0,-1311.87,-2344.97,0.0
2024-06-06,-40.86,-270.41,-220.61,-185.14,630.91,0.0,1068.92,543.66,14.34
2024-06-12,0.0,0.0,0.0,66.76,248.77,0.0,477.8,138.8,0.0
2024-06-20,-106.49,-56.62,-15.75,-10.17,24.13,0.0,182.26,225.28,-49.64
2024-06-21,0.0,80.49,96.19,160.0,153.18,0.0,0.0,0.0,0.0
2024-06-25,0.0,-1.32,0.0,1.37,0.0,0.0,3.83,0.0,0.0
2024-06-26,-70.38,-72.81,-73.3,-49.92,302.93,0.0,200.05,337.6,-26.89
2024-06-27,-436.37,-229.7,-228.27,-142.0,-193.02,0.0,-38.87,-56.48,-36.52
2024-06-28,0.0,-31.68,0.0,-278.95,62.72,0.0,-43.34,-21.43,-42.26
2024-07-01,0.0,0.0,0.0,0.0,-481.68,0.0,-47.06,-11.44,0.0
2024-07-02,0.0,-17.75,0.0,-116.78,-934.04,0.0,-808.68,0.0,0.0
2024-07-03,358.67,20.12,0.0,42.44,94.08,0.0,-487.44,-1332.08,188.14
2024-07-04,128.36,0.0,0.0,0.0,0.0,0.0,0.0,0.0,50.51
2024-07-05,-25.35,757.53,639.62,703.94,-1.82,-189.23,-122.22,-32.15,0.44
2024-07-08,-191.87,-277.12,-304.79,-221.7,12.69,-1.58,2.17,1.58,0.0
2024-07-09,0.0,-22.44,0.0,-35.53,-78.75,0.0,-153.51,-184.07,0.0
2024-07-10,0.0,0.0,0.0,0.0,0.0,0.0,0.0,0.0,-71.83
2024-07-11,665.53,899.54,629.23,834.97,1618.42,1430.37,1764.16,1432.9,627.37
2024-07-12,0.0,245.37,271.85,204.5,224.47,0.0,85.48,122.01,0.0
2024-07-15,0.0,124.06,0.0,372.13,305.82,0.0,949.14,973.95,-2.5
2024-07-16,259.32,292.07,0.0,238.98,432.67,1005.16,492.8,262.3,499.97
2024-07-17,507.38,672.69,759.88,555.25,0.0,938.59,0.0,0.0,83.85
2024-07-18,0.0,0.0,0.0,285.28,0.0,0.0,465.06,0.0,0.0
2024-07-22,0.0,18.84,0.0,21.17,34.07,0.0,15.38,13.68,0.0
2024-07-25,420.9,802.64,192.1,724.23,310.2,0.0,473.55,633.2,147.65
2024-07-26,0.0,116.33,139.6,217.57,0.0,0.0,0.0,0.0,0.0
2024-07-30,0.0,44.97,0.0,81.72,490.02,0.0,201.38,435.67,0.0
2024-07-31,295.69,18.21,0.0,26.88,111.46,0.0,177.3,98.91,0.0
2024-08-01,173.94,472.44,222.13,643.09,85.2,0.0,43.69,47.6,45.23
2024-08-05,0.0,46.2,0.0,51.65,0.0,0.0,23.5,26.6,0.0
2024-08-13,0.0,-38.35,0.0,-206.61,0.0,0.0,-1079.98,-135.2,-82.14
2024-08-14,-343.52,-433.21,-387.36,-660.91,-1048.73,-268.79,-1561.02,-1623.76,-149.4
2024-08-15,0.0,0.0,0.0,5.92,32.62,0.0,6.25,16.68,0.0
2024-08-16,399.12,0.64,-89.27,86.5,1198.56,1124.46,1098.56,1207.42,227.58
2024-08-20,0.0,16.9,0.0,27.81,34.07,0.0,885.1,275.71,0.0
2024-08-22,0.0,0.0,0.0,63.52,489.16,0.0,135.25,153.76,0.0
2024-08-27,0.0,0.0,0.0,0.0,0.0,0.0,-58.6,-53.0,0.0
2024-08-28,0.0,-0.74,0.0,-8.93,-672.1,-1571.2,-626.68,-1848.91,0.0
2024-08-29,0.0,-9.73,0.0,-8.29,-105.6,-14.73,-46.76,-49.0,0.0
2024-08-30,0.0,-238.64,0.0,-484.34,-1741.57,-798.5,-1110.12,-1095.58,0.0
2024-09-02,-128.93,-217.95,-156.66,-166.47,80.4,0.0,127.94,153.29,-67.21
2024-09-03,167.41,-8.26,-10.09,-148.16,142.03,0.0,41.23,62.35,0.0
2024-09-04,0.0,-29.15,0.0,-34.42,0.0,0.0,-648.33,-28.96,-88.9
2024-09-11,0.0,-47.04,0.0,-78.62,-1231.48,-48.16,-1304.59,-861.05,-83.04
2024-09-12,471.22,886.15,0.0,735.46,1023.9,1923.98,572.32,1030.87,19.4
2024-09-13,590.39,287.53,351.47,255.76,0.0,0.0,0.0,0.0,208.89
2024-09-16,578.81,0.0,0.0,1384.52,0.0,0.0,0.0,0.0,0.0
2024-09-17,0.0,1615.89,1845.73,1346.18,0.0,0.0,0.0,415.49,0.0
2024-09-18,0.0,-80.99,0.0,-45.04,333.63,0.0,541.67,378.24,-8.86
2024-09-20,0.0,42.45,0.0,71.07,236.6,0.0,282.7,237.18,0.0
2024-09-26,0.0,17.88,0.0,25.65,27.13,0.0,846.6,258.02,0.0
2024-09-27,0.0,17.88,0.0,15.33,0.0,0.0,0.0,0.0,0.0
2024-10-08,463.75,5.39,23.23,0.37,-28.21,0.0,-67.81,-214.33,-0.08
2024-10-09,0.0,0.0,0.0,-49.91,0.0,0.0,-87.39,-21.32,0.0
2024-10-10,0.0,-248.87,4.89,-397.36,-2754.37,0.0,-4493.57,-3773.22,-84.93
2024-10-15,0.0,35.66,0.0,48.54,54.26,0.0,20.79,39.1,0.0
2024-10-16,49.91,-14.85,0.0,28.99,-692.76,-376.65,1029.07,-77.29,-339.86
2024-10-17,-55.52,-62.71,0.0,-49.8,-374.04,-46.05,-151.11,-1.34,-457.23
2024-10-18,342.15,561.68,319.43,442.78,762.88,1002.2,424.0,643.55,0.0
2024-10-21,366.26,763.89,859.16,762.7,0.0,0.0,0.0,0.0,0.0
2024-10-22,0.0,0.0,0.0,15.24,-23.64,0.0,-10.88,10.11,0.0
2024-10-23,0.0,89.94,0.0,80.86,0.0,0.0,0.0,0.0,0.0
2024-10-25,0.0,-9.67,0.0,-6.9,0.0,0.0,0.0,0.0,0.0
2024-10-29,225.84,-19.12,0.0,-3.11,1975.21,1353.54,2371.32,2456.38,538.16
2024-10-30,641.13,0.0,0.0,0.0,1116.14,2824.03,642.56,647.95,308.83
2024-10-31,21.71,438.62,492.42,557.15,0.0,0.0,0.0,0.0,0.0
2024-11-01,0.0,0.0,0.0,0.0,-17.46,0.0,-82.12,-52.06,0.0
2024-11-04,0.0,-38.57,0.0,-57.98,-139.93,0.0,-184.73,-68.64,0.0
2024-11-05,0.0,18.37,0.0,46.42,47.19,0.0,75.82,223.9,0.0
2024-11-06,-562.56,2.53,124.36,210.9,266.67,0.0,737.53,725.39,8.42
2024-11-11,0.0,621.09,0.0,532.65,488.89,0.0,829.14,489.23,86.1
2024-11-12,-159.24,-132.27,-74.05,180.94,610.23,76.95,217.7,336.21,51.89
2024-11-13,0.0,-4.87,0.0,32.4,254.74,0.0,597.88,422.05,0.0
2024-11-14,-220.79,-106.25,-116.88,-85.0,0.0,0.0,0.0,0.0,0.0
2024-11-19,0.0,17.25,0.0,9.39,168.98,0.0,823.95,703.17,0.0
2024-11-22,0.0,0.0,0.0,0.0,0.0,0.0,-71.95,0.0,-85.9
2024-11-25,0.0,35.9,0.0,25.64,0.0,0.0,0.0,0.0,-15.15
2024-11-29,0.0,35.48,0.0,80.18,-25.52,0.0,49.68,28.04,0.0
2024-12-02,0.0,-73.44,0.0,-62.94,0.0,0.0,-1495.87,-1127.0,0.0
2024-12-04,0.0,0.0,0.0,0.35,0.0,0.0,0.0,-19.07,0.0
2024-12-05,0.0,80.17,0.0,98.64,132.98,0.0,-655.62,329.44,0.0
2024-12-06,0.0,17.81,0.0,-104.35,315.2,0.0,595.16,222.52,-41.61
2024-12-09,-29.62,-120.37,-174.05,-78.72,113.63,0.0,211.06,442.38,13.6
2024-12-10,0.0,591.81,369.12,496.01,0.0,0.0,0.0,0.0,0.0
2024-12-11,0.0,0.0,0.0,0.0,-19.22,0.0,0.0,0.0,0.0
2024-12-12,-837.98,-508.79,-304.45,-970.42,-287.79,-54.03,-126.89,-197.69,-284.03
2024-12-17,0.0,-4.38,0.0,-0.47,77.02,0.0,45.46,60.69,0.0
2024-12-18,289.68,450.37,0.0,368.97,1372.74,607.44,2204.44,1775.46,186.57
2024-12-19,308.04,297.55,312.96,356.3,146.79,0.0,55.19,100.08,140.32
2024-12-26,0.0,17.6,0.0,23.7,62.5,0.0,78.08,68.47,0.0
2024-12-27,0.0,0.0,0.0,0.0,0.0,0.0,0.0,0.0,-25.63
2024-12-30,0.0,-104.66,0.0,-265.93,0.0,0.0,-31.31,-4.91,0.0
2025-01-02,161.43,-15.65,0.0,20.88,166.16,0.0,47.14,114.71,8.61
2025-01-03,117.28,190.89,191.97,160.98,47.35,0.0,10.56,33.53,44.01
2025-01-07,0.0,0.0,0.0,0.0,-474.53,0.0,-655.63,-289.04,0.0
2025-01-08,-233.51,-246.46,-202.93,-159.95,-128.03,16.27,-44.3,-69.18,-130.15
2025-01-09,0.0,0.0,0.0,-17.05,0.0,0.0,0.0,0.0,5.06
2025-01-10,0.0,119.07,145.18,105.82,0.0,0.0,0.0,0.0,0.0
2025-01-15,0.0,0.0,0.0,-27.48,0.0,-46.82,-8.68,-82.86,-119.01
2025-01-16,43.84,-104.46,-74.27,-82.58,241.74,-79.37,-37.13,91.57,180.95
2025-01-17,142.71,234.89,245.56,227.18,-287.24,0.0,0.0,-166.19,-343.7
2025-01-20,0.0,0.0,0.0,0.0,-2515.49,-2302.77,-803.6,-1200.12,0.0
2025-01-21,53.58,-2.42,0.0,3.2,463.33,2398.41,367.42,520.67,-24.46
2025-01-22,320.34,908.58,345.04,754.84,0.0,0.0,0.0,0.0,0.0
2025-01-23,158.0,669.09,769.53,631.27,0.0,0.0,79.45,139.26,0.0
2025-01-24,0.0,90.92,0.0,190.66,684.72,-150.0,708.05,383.04,0.0
2025-01-27,0.0,18.58,0.0,34.85,45.37,0.0,54.72,97.38,0.0
2025-01-28,0.0,0.0,0.0,0.0,0.0,0.0,0.0,0.0,-23.79
2025-01-30,-46.66,13.43,0.0,38.27,546.96,158.55,960.73,1310.46,96.73
2025-01-31,581.55,803.81,559.04,715.41,1185.51,2867.7,706.52,935.39,230.92
2025-02-03,0.0,0.0,0.0,3.81,484.25,0.0,200.68,281.24,0.0
2025-02-04,0.0,0.0,0.0,34.4,47.45,0.0,34.53,26.17,0.0
2025-02-07,0.0,5.4,0.0,44.22,68.74,0.0,57.25,50.0,0.0
2025-02-12,0.0,0.0,0.0,9.18,0.0,0.0,0.0,0.0,0.0
2025-02-19,-890.36,-728.32,-547.23,-671.76,-722.67,-34.82,-28.33,-355.98,-264.67
2025-02-20,0.0,-77.64,-97.7,-89.92,49.46,78.44,69.92,22.22,0.0
2025-02-21,0.0,-4.05,0.0,-69.47,0.0,0.0,-204.05,0.0,0.0
2025-02-24,0.0,-105.17,0.0,-92.87,-175.04,0.0,-646.83,-826.49,-47.3
2025-02-25,-354.77,79.6,0.0,15.45,314.29,0.0,76.14,-663.7,41.82
2025-02-27,0.0,14.37,0.0,-60.21,-18.52,0.0,25.51,168.13,-53.92
2025-02-28,0.0,0.0,0.0,151.91,62.32,0.0,26.47,40.45,27.44
2025-03-05,0.0,-4.26,0.0,3.96,33.62,0.0,25.14,18.97,0.0
2025-03-06,0.0,0.0,0.0,0.0,-613.34,0.0,-453.32,-1397.58,0.0
2025-03-07,0.0,-176.0,0.0,-237.75,-977.76,0.0,-1581.44,-893.26,0.0
2025-03-10,0.0,-11.84,0.0,-79.62,246.66,0.0,484.24,381.9,0.0
2025-03-11,0.0,0.0,0.0,0.0,0.0,0.0,0.0,0.0,-10.98
2025-03-12,57.21,32.59,0.0,79.79,668.98,-16.39,223.28,399.79,11.74
2025-03-13,934.71,895.27,357.36,760.37,983.28,1062.83,571.25,398.0,896.62
2025-03-14,254.42,1365.62,1595.95,1544.88,367.69,0.0,149.25,218.91,189.58
2025-03-18,605.36,17.25,0.0,30.36,-3.6,0.0,62.11,150.93,0.0
2025-03-27,-126.68,-45.42,-66.79,-22.18,-588.34,-584.78,-255.97,222.33,-471.91
2025-03-28,269.65,103.35,117.08,84.52,2496.75,4378.28,1468.72,2189.43,676.67
2025-03-31,0.0,600.83,341.33,1063.42,0.0,0.0,0.0,0.0,0.0
2025-04-03,0.0,21.66,0.0,156.58,1092.18,0.0,502.17,1005.41,0.0
2025-04-04,0.0,0.0,0.0,24.6,32.63,0.0,518.07,229.88,0.0
2025-04-07,-464.08,-399.05,-330.4,-459.51,-232.19,0.0,-77.44,-132.81,-94.26
2025-04-10,-316.91,-596.65,-494.41,-533.44,78.89,131.36,287.17,302.15,-52.48
2025-04-11,959.34,307.85,345.65,401.6,1179.6,1198.98,293.33,438.82,82.23
2025-04-16,0.0,336.09,0.0,523.25,243.22,0.0,970.92,397.3,0.0
2025-04-17,0.0,0.0,0.0,0.0,1358.23,0.0,488.18,771.41,0.0
2025-04-21,0.0,16.12,0.0,38.54,509.74,0.0,1203.88,923.44,0.0
2025-04-23,0.0,-18.96,0.0,-3.34,244.75,0.0,978.5,618.73,18.55
2025-04-30,0.0,0.0,0.0,0.0,0.0,0.0,-93.17,-135.43,-87.2
2025-05-01,695.64,1369.19,844.77,1429.63,679.82,0.0,1183.63,1128.8,79.09
2025-05-06,0.0,53.58,0.0,98.74,256.92,0.0,688.16,779.39,45.97
2025-05-12,0.0,0.0,0.0,0.0,0.0,0.0,0.0,0.0,-67.83
2025-05-14,187.31,485.35,206.64,551.32,240.74,147.55,673.17,881.99,50.78
2025-05-15,0.0,655.93,389.41,530.64,621.93,0.0,219.97,727.16,128.78
2025-05-20,0.0,-31.65,0.0,54.88,799.8,0.0,1476.33,850.73,0.0
2025-05-22,0.0,0.0,0.0,0.0,0.0,0.0,0.0,0.0,159.08
2025-05-23,0.0,-3.54,0.0,2.39,109.7,0.0,167.36,50.11,0.0
2025-05-28,0.0,51.1,0.0,80.81,99.88,0.0,99.34,80.3,0.0
2025-05-29,0.0,22.29,0.0,30.37,0.0,0.0,107.41,161.87,29.06
2025-06-02,44.49,44.86,0.0,75.9,236.22,-95.94,1090.8,839.19,0.0
2025-06-03,183.16,31.25,22.88,164.16,511.44,0.0,165.89,268.99,96.2
2025-06-05,0.0,-46.72,0.0,-58.46,41.68,0.0,308.33,451.94,-19.61
2025-06-06,0.0,55.79,0.0,125.4,280.36,0.0,272.48,582.62,0.0
2025-06-11,0.0,0.0,0.0,84.17,267.23,0.0,120.86,164.78,0.0
2025-06-13,479.05,969.99,756.14,1031.81,149.91,138.58,127.26,104.97,414.17
2025-06-16,0.0,0.0,0.0,0.0,0.0,0.0,0.0,0.0,94.52
2025-06-18,0.0,-0.95,0.0,3.13,23.8,0.0,54.05,71.3,0.0
2025-06-19,0.0,0.0,0.0,0.0,0.0,0.0,102.35,146.99,0.0
2025-06-24,0.0,-75.68,0.0,30.52,-184.7,0.0,-166.9,193.27,0.0
2025-06-25,0.0,0.0,0.0,0.0,0.0,0.0,0.0,0.0,-302.65
2025-06-26,0.0,0.0,0.0,-120.87,0.0,0.0,0.0,0.0,0.0
2025-06-27,462.94,946.89,348.95,940.54,71.22,5.33,97.91,82.98,159.21
2025-06-30,0.0,0.0,0.0,0.0,297.82,0.0,0.0,168.75,-127.56
2025-07-01,0.0,62.28,0.0,62.19,5.94,0.0,-23.9,30.67,0.0
2025-07-02,0.0,-14.16,0.0,9.56,-217.97,0.0,-96.95,17.99,-30.58
2025-07-03,0.0,0.0,0.0,0.0,0.0,0.0,-15.03,-11.89,0.0
2025-07-07,0.0,-8.47,0.0,6.9,29.87,0.0,15.68,44.44,0.0
2025-07-08,0.0,45.0,0.0,42.81,67.84,0.0,152.33,205.04,0.0
2025-07-11,-57.29,19.71,0.0,33.33,97.74,0.0,66.01,19.42,0.0
2025-07-14,-206.95,198.15,213.4,241.61,-239.13,0.0,-91.21,-147.07,-50.35
2025-07-15,0.0,0.0,0.0,-66.05,0.0,0.0,4.81,0.0,0.0
2025-07-16,0.0,-188.98,0.0,-308.7,-882.03,0.0,-1175.78,-853.41,0.0
2025-07-17,0.0,0.0,0.0,28.17,137.3,0.0,120.15,154.63,-79.73
2025-07-21,274.9,37.9,0.0,159.1,700.79,437.19,1018.18,925.83,79.79
2025-07-22,223.83,637.97,385.12,515.65,0.0,0.0,0.0,0.0,113.42
2025-07-23,0.0,1170.6,1307.65,1078.94,442.95,0.0,166.68,244.43,0.0
2025-07-28,-76.06,0.0,0.0,14.8,0.0,0.0,15.82,0.0,-7.12
2025-07-29,-373.21,-340.27,-54.27,-459.13,-229.25,0.0,-80.53,-125.96,-11.88
2025-07-30,58.75,-27.76,0.0,-13.65,93.99,0.0,208.64,99.9,0.0
2025-07-31,-229.95,-12.56,16.98,-19.12,88.18,0.0,31.54,50.29,65.15
2025-08-05,0.0,0.0,0.0,16.26,-5.3,0.0,-3.57,-36.15,0.0
2025-08-07,0.0,-78.87,0.0,-40.46,35.76,0.0,84.33,74.05,0.0
2025-08-08,0.0,0.0,0.0,-2.03,0.0,0.0,0.0,0.0,0.0
2025-08-11,0.0,91.96,0.0,72.52,77.77,0.0,-56.27,53.63,0.0
2025-08-14,0.0,-6.13,0.0,-4.45,0.0,0.0,0.11,0.0,0.0
2025-08-15,0.0,-109.69,0.0,-151.16,0.0,0.0,0.0,0.0,0.0
2025-08-18,0.0,55.19,0.0,25.8,-28.66,0.0,67.94,46.28,-22.21
2025-08-19,0.0,-0.91,0.0,3.04,34.01,0.0,-46.03,22.33,0.0
2025-08-20,0.0,0.0,0.0,1.01,0.0,0.0,153.5,535.7,0.0
2025-08-22,-142.5,15.67,0.0,20.54,1.2,0.0,360.4,316.47,0.0
2025-08-25,0.0,-131.26,-149.97,-103.09,0.0,0.0,0.0,0.0,0.0
2025-08-26,-213.5,22.78,0.0,38.36,-111.42,0.0,-4.75,-82.1,6.99
2025-08-28,60.0,102.61,357.74,61.3,-432.89,-580.81,-170.0,-247.7,0.0
2025-08-29,573.65,0.0,0.0,-3.92,-72.45,6.27,25.3,-1.56,48.81
2025-09-01,398.82,604.65,391.21,523.63,1258.89,2572.7,687.52,1215.32,108.21
2025-09-02,285.99,1717.53,1978.62,1456.43,876.93,811.36,224.3,331.05,-18.59
2025-09-03,0.0,306.54,394.12,262.75,0.0,0.0,0.0,0.0,0.0
2025-09-11,0.0,20.97,0.0,29.68,62.78,0.0,39.37,27.34,0.0
2025-09-15,-0.29,128.67,0.0,211.13,322.71,157.8,280.52,443.88,34.9
2025-09-16,412.53,0.0,0.0,0.0,540.28,634.61,591.99,271.05,130.96
2025-09-17,0.0,28.0,14.13,60.59,37.16,0.0,-432.39,-1337.39,0.0
2025-09-18,0.0,-47.13,0.0,-39.28,-77.39,0.0,-386.37,-266.21,0.0
2025-09-19,0.0,0.0,0.0,0.0,0.0,0.0,0.0,0.0,-35.65
2025-09-22,500.3,380.69,0.0,326.19,703.22,138.84,753.42,477.26,131.9
2025-09-23,464.77,2115.31,2441.47,1913.78,0.0,0.0,0.0,0.0,62.36
2025-09-29,676.34,360.31,0.0,261.28,2529.68,1945.54,584.46,957.03,638.23
2025-09-30,42.34,2018.34,2276.72,1825.87,641.42,0.0,241.76,336.08,0.0
2025-10-02,0.0,-8.19,0.0,-72.5,-1255.0,0.0,-1171.19,-1180.69,0.0
2025-10-06,0.0,45.0,0.0,164.39,275.9,0.0,912.31,834.98,0.0
2025-10-09,0.0,0.0,0.0,-190.32,-693.6,0.0,-240.53,-375.44,0.0
2025-10-13,426.54,-311.35,-130.56,-329.31,-987.7,-300.96,-714.28,-986.11,-448.11
2025-10-14,0.0,1089.44,1271.02,1193.49,0.0,0.0,0.0,0.0,0.0
2025-10-20,0.0,-121.88,0.0,-87.26,-243.18,0.0,-497.03,-127.61,0.0
2025-10-21,0.0,51.27,0.0,-163.55,-1116.49,0.0,-286.83,-503.19,96.89
2025-10-27,251.36,71.94,37.32,165.86,356.18,0.0,190.75,352.3,42.95
2025-10-28,0.0,0.0,0.0,96.88,255.08,0.0,102.63,154.33,70.93
2025-10-31,0.0,56.07,0.0,132.43,263.1,0.0,728.94,368.6,0.0
2025-11-04,0.0,56.55,0.0,95.24,42.8,0.0,149.24,180.47,0.0
2025-11-07,0.0,23.03,0.0,51.14,38.18,0.0,39.19,32.22,0.0
2025-11-10,430.69,795.85,395.67,796.95,0.0,0.0,21.4,32.51,73.63
2025-11-11,0.0,0.0,0.0,0.0,620.03,0.0,202.63,372.1,0.0
2025-11-12,0.0,48.67,0.0,113.36,556.5,0.0,1165.23,535.8,0.0
2025-11-17,0.0,49.37,0.0,114.92,548.33,0.0,648.85,739.78,0.0
2025-11-21,0.0,0.0,0.0,-16.96,-69.27,0.0,-162.55,-215.17,0.0
2025-11-24,0.0,4.95,-16.01,106.84,0.0,0.0,186.19,276.05,0.0
2025-11-25,-74.48,-145.19,-75.12,-117.03,90.91,0.0,49.33,74.86,-4.23
2025-11-28,0.0,48.85,0.0,67.11,543.58,0.0,1141.16,694.53,0.0
2025-12-01,-858.64,-824.24,-742.82,-605.27,-164.51,147.84,-57.64,-96.98,-13.91
2025-12-02,-326.08,0.0,0.0,0.0,0.0,0.0,0.0,0.0,0.0
2025-12-05,0.0,20.32,0.0,23.53,-547.34,-1713.61,-94.77,-652.88,-103.55
2025-12-08,0.0,-79.41,0.0,-142.15,-108.31,0.0,-275.63,-408.18,0.0
2025-12-09,0.0,40.47,0.0,45.04,61.17,0.0,65.53,-303.9,-81.44
2025-12-10,0.0,-18.04,0.0,-80.98,-272.47,0.0,-205.45,259.46,0.0
2025-12-11,317.98,-6.73,0.0,-3.97,577.09,281.28,650.23,734.2,99.22
2025-12-12,94.09,2300.66,2323.74,2307.5,1238.95,1874.16,452.54,475.96,87.76
2025-12-18,-70.26,-503.53,-405.63,-238.57,1138.12,475.42,1313.74,1354.58,-0.54
2025-12-22,595.05,386.7,391.33,355.71,1799.2,1134.83,947.9,889.91,477.75
2025-12-23,637.32,1436.87,1605.92,1183.31,0.0,0.0,0.0,0.0,0.0
2025-12-26,0.0,0.0,0.0,6.57,18.27,0.0,-11.45,17.87,0.0
2025-12-29,0.0,-228.66,0.0,-225.65,0.0,0.0,-971.66,0.0,0.0
2025-12-30,0.0,0.0,0.0,0.0,0.0,0.0,-464.56,-991.91,0.0
2025-12-31,0.0,53.72,0.0,125.1,352.95,0.0,131.59,854.67,-87.95
2026-01-09,0.0,105.44,0.0,166.68,481.21,0.0,393.54,486.75,0.0
2026-01-12,982.77,1274.52,657.22,1221.41,2241.9,2970.2,845.43,1252.33,548.63
2026-01-13,0.0,0.0,0.0,11.02,26.01,0.0,28.7,12.95,0.0
2026-01-16,0.0,-163.5,0.0,-116.21,36.94,0.0,872.11,962.95,-0.26
2026-01-19,0.0,22.32,0.0,82.27,296.22,0.0,801.16,719.5,0.0
2026-01-20,0.0,331.17,0.0,279.83,15.99,0.0,872.2,1008.79,121.99
2026-01-21,0.0,0.0,0.0,0.0,1559.66,0.0,564.33,847.5,0.0
2026-01-22,0.0,23.02,0.0,24.24,230.85,0.0,586.7,606.38,0.0
2026-01-27,0.0,47.35,0.0,70.3,543.36,0.0,967.41,710.08,0.0
2026-01-30,0.0,49.06,0.0,36.76,0.0,0.0,0.0,0.0,0.0
2026-02-02,-942.28,-1117.92,-881.66,-930.79,-138.25,0.0,-124.49,-81.09,92.37
2026-02-11,-21.85,-241.99,-243.45,-152.1,175.38,0.0,183.99,516.8,-18.82
2026-02-17,-587.05,-506.03,-509.08,-367.63,40.87,0.0,932.77,181.36,-39.22
2026-02-20,0.0,57.74,0.0,113.89,0.0,0.0,39.93,76.02,0.0
2026-02-23,519.71,600.29,288.16,542.99,636.67,786.88,415.47,361.36,127.48
2026-02-27,-493.02,-410.78,-423.58,-262.89,121.59,-348.39,836.95,782.12,0.0
2026-03-02,0.0,332.85,399.02,513.39,0.0,0.0,0.0,336.56,529.59
2026-03-03,0.0,100.52,0.0,162.18,34.48,0.0,399.27,576.36,-25.62
2026-03-09,0.0,19.7,0.0,28.35,12.7,0.0,34.51,36.05,0.0
2026-03-10,0.0,19.99,0.0,26.95,388.24,0.0,532.34,555.38,0.0
2026-03-13,0.0,20.06,0.0,29.45,-190.75,0.0,-53.87,71.95,0.0
2026-03-16,171.05,-39.84,58.92,-12.92,0.0,0.0,159.0,199.31,-1.4
2026-03-18,-586.84,-9.84,-270.45,249.95,1571.47,0.0,773.71,1109.76,76.79
2026-03-19,496.75,663.04,390.33,541.69,0.0,0.0,0.0,0.0,10.35
2026-03-20,0.0,45.67,0.0,115.6,558.1,0.0,776.33,879.92,0.0
2026-03-23,433.25,1225.38,1535.65,1008.36,-295.92,-445.95,-126.31,-173.99,528.32
2026-03-31,-248.1,-283.88,-359.46,-220.83,103.09,0.0,121.03,247.04,-33.48
2026-04-07,0.0,22.54,0.0,27.64,72.78,0.0,123.24,53.11,0.0
2026-04-08,535.89,376.51,0.0,467.15,353.36,0.0,1085.82,456.78,-3.85
2026-04-13,0.0,55.84,0.0,130.15,0.0,0.0,188.65,291.18,0.0
2026-04-14,0.0,-50.68,0.0,-34.32,0.0,0.0,33.86,30.73,0.0
2026-04-15,-1060.18,-349.39,-201.33,-237.79,207.44,77.61,145.13,394.07,-149.64
2026-04-16,0.0,0.0,0.0,-130.64,0.0,0.0,0.0,0.0,-122.59
2026-04-17,0.0,-62.77,0.0,-21.55,629.24,0.0,196.96,286.84,0.0
2026-04-20,0.0,0.0,0.0,0.0,0.0,0.0,0.0,0.0,-39.3
2026-04-21,0.0,-51.09,0.0,98.2,377.87,0.0,282.97,539.21,0.0
2026-04-23,0.0,-110.17,0.0,-205.17,-1587.32,0.0,-1160.43,-902.72,0.0
2026-04-24,0.0,0.0,0.0,0.0,0.0,0.0,0.0,0.0,-34.99
2026-04-28,773.69,1928.87,1016.91,2057.41,804.67,0.0,893.56,806.29,0.0
2026-04-29,0.0,0.0,0.0,0.77,115.92,0.0,5.42,58.46,-29.88
2026-04-30,0.0,0.0,0.0,0.0,0.0,0.0,0.0,0.0,-2.57
2026-05-01,0.0,53.75,0.0,95.21,361.86,0.0,231.57,251.24,0.0
2026-05-04,-134.5,-276.09,-116.77,-184.31,-439.49,-329.8,149.99,187.96,0.0
2026-05-05,-487.62,-721.97,-822.47,-620.99,-232.06,0.0,-87.18,-151.18,-318.79
2026-05-06,619.31,1005.04,758.35,511.5,325.07,0.0,157.05,248.65,9.2
2026-05-11,0.0,-17.86,0.0,-106.71,-181.88,0.0,-284.58,-171.02,0.0
2026-05-12,-520.29,-740.76,-802.62,-916.11,-163.53,17.9,-3.66,-26.8,-95.98
2026-05-15,785.12,1482.8,1237.77,1469.09,308.03,0.0,695.43,783.12,0.0
2026-05-18,-213.87,-584.08,-537.37,-480.03,1822.79,275.2,813.63,1033.17,-55.46
2026-05-19,0.0,-65.49,0.0,-15.27,-170.05,0.0,33.5,46.76,0.0
2026-05-20,0.0,0.0,0.0,1.11,0.0,0.0,0.0,0.0,0.0
2026-05-25,0.0,21.9,0.0,42.5,47.13,0.0,52.0,86.72,0.0
2026-05-26,0.0,21.85,0.0,-122.26,-573.57,0.0,-471.17,-346.89,0.0
2026-05-27,418.31,-84.89,-222.51,-40.97,497.2,502.3,622.79,771.42,25.74
2026-05-28,0.0,0.0,0.0,0.0,0.0,0.0,0.0,0.0,1.92
2026-05-29,-406.61,-173.25,-230.99,-105.17,-26.94,0.0,55.9,77.28,-5.8
2026-06-01,0.0,0.0,0.0,0.0,0.0,0.0,0.0,0.0,-124.81
2026-06-03,0.0,21.67,0.0,31.46,38.79,0.0,-95.49,21.7,0.0
2026-06-05,287.02,349.19,0.0,335.75,331.23,343.65,264.9,199.19,0.0
2026-06-08,0.0,782.19,896.69,644.29,0.0,0.0,0.0,0.0,0.0
2026-06-09,0.0,20.89,0.0,30.27,9.39,0.0,43.4,38.54,0.0
2026-06-10,365.55,0.0,0.0,0.0,1818.75,1978.92,567.5,826.47,0.0
2026-06-11,397.76,930.48,1052.98,775.41,804.13,1154.55,273.56,485.98,509.82
2026-06-15,0.0,20.37,0.0,105.14,364.91,0.0,263.65,260.78,-36.12
2026-06-17,0.0,-63.06,0.0,-10.8,182.76,0.0,330.46,499.79,-41.29
2026-06-18,0.0,0.0,0.0,1.34,41.78,0.0,9.83,24.33,0.0
2026-06-23,0.0,37.9,0.0,54.81,113.31,0.0,59.18,102.0,0.0
2026-06-24,1147.33,1594.36,1436.61,1444.27,1939.34,1796.99,1103.78,1132.04,248.99
2026-06-30,-610.29,-921.4,-682.46,-659.67,145.44,-633.44,133.38,340.66,-238.17
2026-07-01,0.0,47.62,0.0,161.7,367.68,0.0,718.26,445.58,-30.1
2026-07-13,166.63,246.54,230.72,278.1,690.8,0.0,431.72,762.44,0.0
2026-07-14,112.18,69.61,23.41,54.5,0.0,0.0,0.0,0.0,34.81
2026-07-16,0.0,-90.75,0.0,-85.07,-18.42,0.0,21.99,0.94,0.0
2026-07-17,0.0,0.0,0.0,0.0,0.0,0.0,0.0,0.0,-18.39
2026-07-21,0.0,-8.66,0.0,0.55,0.0,0.0,-306.5,-447.01,0.0
2026-07-22,0.0,19.37,0.0,-16.91,-92.95,0.0,-70.01,361.26,-18.58
2026-07-28,0.0,-127.3,0.0,-80.84,-175.07,0.0,-46.16,-85.83,0.0
2026-07-29,0.0,-57.58,0.0,-122.01,-521.02,0.0,-626.12,-565.64,-2.39
2026-07-30,0.0,0.0,0.0,0.0,0.0,0.0,0.0,0.0,-75.86
2026-08-03,0.0,0.0,0.0,-47.33,-49.88,0.0,-39.44,-28.63,0.0
2026-08-05,518.48,1143.99,564.14,1065.35,2306.82,-1.04,1619.22,1438.68,348.41
2026-08-06,0.0,0.0,0.0,0.0,0.0,0.0,616.39,996.07,316.35
2026-08-07,0.0,50.27,0.0,83.84,319.93,0.0,334.04,521.55,0.0
2026-08-10,0.0,20.4,0.0,34.28,117.7,0.0,916.45,403.04,0.0
2026-08-11,258.18,128.04,146.26,109.76,0.0,0.0,0.0,0.0,66.82
2026-08-12,0.0,-26.08,0.0,-16.09,-756.3,0.0,-1513.18,-695.95,0.0
